,S,I,R,Q,SQ,total_tested_individual,positive_results,number_of_total_tests,n_star,number_of_group_tests,TP,TN,FP,FN,n_star_by_sim,mean_day,is_increasing,v_mean,v_std,v_pt_0,v_pt_15,v_pt_25,v_pt_50,v_pt_75,v_pt_85,v_pt_100,day,PPV,NPV,I_all,total_sample
0,99950,50,0,0,0,0,0,0,30,0,0,0,0,0,30,0.09766054269012749,True,2.87390310132933,3.3706610702310975,0.0,0.0,0.0,0.20427740470978592,6.5385275279418344,6.977574218983212,9.499002822232812,0,,,50,0
1,99944,56,0,0,0,0,0,0,30,0,0,0,0,0,30,0.12907510299778177,True,4.044062309945144,2.974817483038917,0.0,0.0,0.6133860254402963,5.120578367957238,6.64469303222327,7.17611185470679,8.870888734666563,1,,,56,0
2,99937,62,0,0,1,0,0,0,30,0,0,0,0,0,30,0.15196160144544638,True,5.140522598119815,2.689337455696028,0.0,1.2200528601768355,3.4555302262739964,6.062170930018677,6.978252976821633,7.595667691688429,8.728887355693342,2,,,63,0
3,99930,65,0,0,5,0,0,0,30,0,0,0,0,0,30,0.1755825744627671,True,5.552638362887082,2.5389930480043166,0.0,2.8042874475603536,4.539879546857371,6.323110290710202,7.277377701371045,7.917232871360971,9.055359749774363,3,,,70,0
4,99922,71,0,0,7,0,0,0,30,0,0,0,0,0,30,0.19596205473051204,True,5.451464689075299,2.5429844673777837,0.0,2.8020250927896475,4.8128724977958965,6.032774526894691,7.18022440071927,7.627134211300568,9.932183407784066,4,,,78,0
5,99913,77,0,0,10,0,0,0,30,0,0,0,0,0,30,0.21585035818290815,True,5.1942014164058765,2.7268979590373905,0.0,1.1134030649465037,3.6658184493572143,5.71514563050782,7.018943960768674,7.480887501875157,10.772967725452665,5,,,87,0
6,99904,81,0,0,15,0,0,0,30,0,0,0,0,0,30,0.2377694340431948,True,5.054987351613447,2.544165444233801,0.0,2.350672010656183,3.3734778595473323,5.795539872257879,6.785593747228921,7.308293226983835,10.051831014130617,6,,,96,0
7,99894,88,0,0,18,0,0,0,30,0,0,0,0,0,30,0.25789821697689413,True,5.0284763932726015,2.5058498170339916,0.0,2.3511758806126624,4.200218043834646,5.41979658914083,6.814163212278517,7.444410692887702,9.330694302808569,7,,,106,0
8,99883,96,0,0,21,0,0,0,30,0,0,0,0,0,30,0.27473735692184303,True,5.043449474679669,2.6641156850397603,0.0,1.7142886521817116,3.8071913771206636,5.435941364383971,7.0043467482698,7.772883903982484,10.818703247878958,8,,,117,0
9,99871,105,0,0,24,0,0,0,30,0,0,0,0,0,30,0.2894714649193425,True,4.730650499839906,2.7221688440771055,0.0,1.364466646124216,3.33082453461257,5.189498784577137,6.676767748069781,7.487034310003465,10.281840701568857,9,,,129,0
10,99858,117,0,0,25,0,0,0,30,0,0,0,0,0,30,0.3031395480587957,True,4.659823338494619,2.724575935338204,0.0,0.806134276851428,2.832281802450117,4.997023912561475,6.788777088675203,7.531685021436045,9.744978155258755,10,,,142,0
11,99844,128,0,0,28,0,0,0,30,0,0,0,0,0,30,0.31633271764579673,True,4.479572642133172,2.622913118850078,0.0,1.4782426672268296,2.5186388214819635,4.6164251763562225,6.556377508482949,7.338557450581617,10.086927338015,11,,,156,0
12,99829,141,0,0,30,0,0,0,30,0,0,0,0,0,30,0.3180107160626244,True,4.440155854472983,2.6784113848530886,0.0,0.4370400028499254,2.16466053061751,4.761993411047118,6.724646650600575,7.042656307199641,9.715044623886532,12,,,171,0
13,99812,152,2,0,34,0,0,0,30,0,0,0,0,0,30,0.3171341101473066,True,4.457761481240613,2.7169023408693085,0.0,0.7885661047538214,2.4551950625051866,4.81289838591305,6.64937141729738,7.625207314882396,9.343161909758065,13,,,188,0
14,99794,163,6,0,37,0,0,0,30,0,0,0,0,0,30,0.3202093415760059,True,4.367873378430144,2.630674340304061,0.0,0.8424022776940019,2.3778885993009444,4.726900086051573,6.598404719049901,7.396810557384684,8.971279195629599,14,,,206,0
15,99774,176,8,0,42,0,0,0,30,0,0,0,0,0,30,0.31889057936119464,True,4.3155634951984085,2.579937567871093,0.0,0.947497857303824,2.2325539326273187,4.64986402251685,6.722066357865419,7.171765640078642,8.842309110963432,15,,,226,0
16,99753,190,13,0,44,0,0,0,30,0,0,0,0,0,30,0.30372146111486353,True,4.277697176459026,2.691974509713336,0.0,0.19273148416355712,2.044947824329867,4.5436172174406995,6.513417351377619,7.195250400888949,9.347937552795054,16,,,247,0
17,99730,203,23,0,44,0,0,0,30,0,0,0,0,0,30,0.3099129215503848,True,4.204345042777806,2.7199747828911147,0.0,0.44712014965020763,1.9147976512984992,4.645340203876602,6.477727956867394,7.022514354650788,9.536181126775947,17,,,270,0
18,99706,223,26,0,45,0,0,0,30,0,0,0,0,0,30,0.3181484614479527,True,4.340156932564495,2.5865577721805937,0.0,1.1625509142311528,2.178049389371254,4.738242234734631,6.402145994515057,7.021029282391051,10.504081674836492,18,,,294,0
19,99679,246,27,0,48,0,0,0,30,0,0,0,0,0,30,0.32338872175378625,True,4.389910429095766,2.6656865831263357,0.0,0.9037393306719541,2.250051886557687,4.617819712148298,6.50982527263346,7.375181363375298,9.758426093384138,19,,,321,0
20,99649,267,32,0,52,0,0,0,30,0,0,0,0,0,30,0.3187538770543727,True,4.214579587622007,2.7624051534703775,0.0,0.30584409752848296,2.0266805379383155,4.535611384527269,6.322176482392469,7.253277250796449,10.299677664085255,20,,,351,0
21,99617,287,39,0,57,0,0,0,25,0,0,0,0,0,25,0.3159651243002514,True,4.151575071870273,2.6845782767264152,0.0,0.3850085794098315,1.7066083863603074,4.477404532957556,6.358706077650869,7.096037850133683,9.791651911379288,21,,,383,0
22,99582,312,49,0,57,20575,29,1648,25,823,29,20507,8,31,25,0.3177203713750402,True,4.147014858010998,2.754546669487569,0.0,0.2828271317023373,1.5626041531114643,4.339378719714563,6.506481615309474,7.3063246739504475,9.28362615867332,22,0.7837837837837838,0.9984906027850813,418,20575
23,99544,334,58,0,64,18525,28,1666,25,741,28,18464,6,27,25,0.3184706148449502,True,4.090761843404794,2.7334194154938425,0.0,0.4652474034296166,1.5883697434343707,4.29508312570305,6.621608958324026,7.148441793027709,9.622397880675608,23,0.8235294117647058,0.9985398301876589,456,18525
24,99504,359,66,0,71,15800,32,1657,25,632,32,15735,11,22,25,0.3163353131857719,True,4.254474611085016,2.743661046808869,0.0,0.5417125719581983,1.745273368741577,4.569139057484819,6.720185444015098,7.1759681034978335,10.227546115972096,24,0.7441860465116279,0.9986037951386685,496,15800
25,99461,364,75,29,71,18175,33,1652,25,727,33,18094,8,40,25,0.31055176231507436,True,3.928199264930164,2.695866483034719,0.0,0.12410052859792733,1.4724253446641535,4.212579946174257,6.36230254251225,6.861438874579078,9.715005752129864,25,0.8048780487804879,0.9977941987426933,539,18175
26,99417,368,85,57,73,16892,38,1651,25,676,38,16799,10,45,25,0.31081229195960985,True,3.947959327121833,2.7234607338386847,0.0,0.475823612609453,1.2278862754019175,4.045718637059406,6.3459776450426375,6.796190314216611,9.291097587972324,26,0.7916666666666666,0.9973284255521254,583,16892
27,99373,371,92,89,75,16175,27,1647,25,647,27,16097,15,36,25,0.2967290569350633,True,4.166455389178019,3.0137316600758903,0.0,0.19826386007996177,1.2754308777470418,4.316346963856559,6.908107231133801,7.616949163552066,9.537375363348566,27,0.6428571428571429,0.9977685489369615,627,16175
28,99328,371,107,122,72,21150,30,1646,25,846,30,21077,4,39,25,0.2829716105800414,True,4.181895283898352,2.9791120481146143,0.0,0.010441125247940726,1.276732176571347,4.5923031546772854,6.959363430277496,7.455278584225637,9.099417078021506,28,0.8823529411764706,0.9981530592915325,672,21150
29,99283,363,123,160,71,16175,36,1647,25,647,36,16104,12,23,25,0.278292490459387,True,4.2645846739754525,3.06941398146704,0.0,0.0,0.8647760969190844,5.4586093813965215,6.999094665424414,7.404954267548768,9.256920445431803,29,0.75,0.998573820301358,717,16175
30,99239,373,137,176,75,17500,36,1650,25,700,36,17428,13,23,25,0.2748149563675219,True,4.422056153620397,2.9900061777480627,0.0,0.0,1.0040002544045603,5.372705918059899,6.91726856053216,7.444978863831052,10.481787126625104,30,0.7346938775510204,0.998682023952782,761,17500
31,99194,379,150,201,76,13175,42,1652,25,527,42,13101,12,20,25,0.2690673941589954,True,4.753966150771826,2.715365548314771,0.0,0.9881473959054266,2.255144611676892,5.481287461022499,6.755907462670496,7.358624612228061,9.834770402754806,31,0.7777777777777778,0.9984757259355233,806,13175
32,99149,373,164,235,79,5664,14,702,25,227,14,5633,7,10,25,0.2637003008189323,True,3.9031203942609487,2.7116870534050985,0.0,0.2768211773039475,0.9181645993741161,4.740964762043994,6.179124109904002,6.3688912811611855,8.598482225491392,32,0.6666666666666666,0.998227892964735,851,5664
33,99104,373,179,267,77,16075,36,1643,25,643,36,16007,9,23,25,0.25905186665219065,True,4.458372995927099,2.9791798261912734,0.0,0.0,1.0858513333606994,5.489047665041808,6.947597364466409,7.517661206814735,9.423302131552765,33,0.8,0.9985651902682471,896,16075
34,99059,358,198,303,82,18900,35,1656,25,756,35,18831,7,27,25,0.2524259736796621,True,4.436282479671011,3.0313312032388064,0.0,0.0,0.7164815026904325,5.5300675032337105,7.072865957399099,7.546002868980257,9.948295628700336,34,0.8333333333333334,0.9985682468978683,941,18900
35,99016,369,216,310,89,16520,35,1666,20,826,35,16459,5,21,20,0.25534199730336876,True,4.771889059986597,2.928311607574794,0.0,0.011276685627964862,1.7493151268420697,5.811191414974866,7.083251955719795,7.350936140328509,10.093872558672269,35,0.875,0.9987257281553398,984,16520
36,98972,371,242,332,83,16920,34,1666,20,846,34,16863,7,16,20,0.2500829809755539,True,4.824348965096569,2.5940086108475406,0.0,0.7296184781456668,3.4356043154027276,5.821631913971595,6.72487143823875,7.141385409903072,8.864403879590197,36,0.8292682926829268,0.999052076544819,1028,16920
37,98928,365,269,352,86,14220,38,1651,20,711,38,14155,12,15,20,0.24521491733701933,True,4.916803737226486,2.56922592464479,0.0,0.8257107769589253,3.442489069370443,5.838197956552828,6.665665723548898,7.312068017019733,9.233741827672912,37,0.76,0.9989414255469301,1072,14220
38,98884,359,297,373,87,7019,22,831,20,351,22,6985,1,11,20,0.2537438389967932,True,4.535453599470325,2.5921710407591596,0.0,1.0141796769186429,1.7645620753806688,5.062854275319525,6.449188152097159,7.017970335443567,8.811232567735555,38,0.9565217391304348,0.9984276729559748,1116,7019
39,98841,369,317,393,80,14520,41,1666,20,726,41,14455,8,16,20,0.24979642660692372,True,5.065027906850094,2.6494562352550295,0.0,1.5347138054102327,3.187719995220969,5.730128854306589,6.859076109031816,7.758782052121779,10.715885476382606,39,0.8367346938775511,0.9988943404049478,1159,14520
40,98797,364,346,415,78,16920,37,1666,20,846,37,16865,5,13,20,0.2537012653437303,True,5.055506869330937,2.76848825423786,0.0,0.8914922501924737,3.4020073156894934,5.893463868641316,6.981537476444181,7.62067790486836,14.126204681014695,40,0.8809523809523809,0.9992297665600189,1203,16920
41,98754,375,376,416,79,14920,37,1666,20,746,37,14861,5,17,20,0.26574371354177756,True,5.05196654455511,2.8052662041784213,0.0,0.8932512529560924,3.473249720897372,5.7679991502024315,7.104127677183721,7.6069036915891335,16.710052124595844,41,0.8809523809523809,0.9988573733028633,1246,14920
42,98709,387,402,424,78,14920,38,1646,20,746,38,14853,12,17,20,0.27017712670768335,True,5.041083125853005,2.8578389479577346,0.0,0.8549878528931201,3.2574801797865205,5.670661346518399,6.997816908376921,7.657412868327352,15.981769138636455,42,0.76,0.9988567585743107,1291,14920
43,98663,377,435,433,92,12920,42,1666,20,646,42,12849,10,19,20,0.26862591648799883,True,4.992727590447128,2.988200459003794,0.0,0.2171892869823665,3.4772664944504728,5.50641075529847,7.039563676387106,7.650502454780778,15.253486152677064,43,0.8076923076923077,0.9985234690705627,1337,12920
44,98618,371,472,443,96,15333,34,1647,20,767,34,15278,5,16,20,0.25156577357922233,True,5.379964194126858,3.1647241986471646,0.0,2.273684020571623,3.5353914672983495,5.4910992088640205,7.340396468641056,7.932844858172,14.525203166717674,44,0.8717948717948718,0.998953838106447,1382,15333
45,98574,357,514,454,101,16500,32,1665,20,825,32,16444,5,19,20,0.24601569278959443,True,4.878499278704901,2.9667012223168427,0.0,0.379021253728684,2.481680552902062,5.540962150916652,7.229607337209112,7.6045036193926965,13.796920180758283,45,0.8648648648648649,0.9988458968596247,1426,16500
46,98531,350,550,469,100,16520,34,1666,20,826,34,16454,12,20,20,0.2504910399288048,True,5.053615477944209,3.041048352755914,0.0,0.5037434242858481,2.5090133669546706,6.067177444936813,7.298991843379727,8.012443304334079,13.524375186665859,46,0.7391304347826086,0.9987859657642345,1469,16520
47,98489,346,585,475,105,19020,34,1651,20,951,34,18958,4,24,20,0.25475782714393663,True,4.670188582502681,3.0357519486743048,0.0,0.0,1.6448705423974856,5.686416080286554,7.173071901260503,7.840885607763266,10.066659407740513,47,0.8947368421052632,0.9987356442945948,1511,19020
48,98448,353,632,463,104,18520,34,1666,20,926,34,18458,3,25,20,0.2586383862540959,True,4.807744008231088,2.8910250694668296,0.0,0.451864939028486,2.339388292456671,5.68487278871283,7.244599107996655,7.6088028350334245,8.990537373365504,48,0.918918918918919,0.998647405724179,1552,18520
49,98406,359,677,456,102,13140,40,1657,20,657,40,13080,5,15,20,0.2540025729917535,True,4.905851847063593,2.6308273080030666,0.0,1.3632195995907506,3.2214575283237736,5.489779046616726,6.962492120454383,7.459537478951343,8.859822835265312,49,0.8888888888888888,0.9988545246277205,1594,13140
50,98363,354,712,465,106,5753,21,728,20,288,21,5721,2,9,20,0.2554062911471419,True,5.067305391319069,2.1638531893223503,0.0,3.531058950839822,4.225832375451622,5.196805405826783,6.6767440092445245,7.24122024023166,8.241359749560695,50,0.9130434782608695,0.9984293193717277,1637,5753
51,98321,350,749,474,106,16520,37,1666,20,826,37,16451,13,19,20,0.24703690961164274,True,4.907255781574338,3.0578546695324187,0.0,0.0,1.7536831577009284,6.031083340339469,7.362126334764901,7.8577031902253,10.136281439132661,51,0.74,0.9988463873709775,1679,16520
52,98279,342,790,483,106,17320,34,1666,20,866,34,17259,10,17,20,0.252313877105069,True,4.989648669515776,2.8636217246646676,0.0,0.7760984561786239,2.5360877311411407,5.756657586773771,7.246966953224909,7.857126098680645,10.32925863502326,52,0.7727272727272727,0.999015975920352,1721,17320
53,98238,351,837,470,104,17600,33,1660,20,880,33,17541,8,18,20,0.25077219856656213,True,4.9956790475427715,2.7947034533414823,0.0,0.41404316028551585,3.038552220318825,5.774059481477307,7.197575189512713,7.617367297489711,9.545921472732749,53,0.8048780487804879,0.9989748846745259,1762,17600
54,98196,350,884,468,102,16840,39,1662,20,842,39,16778,7,16,20,0.2510815374969726,True,5.097037862350888,2.7431944136117283,0.0,0.756111130803923,3.6855584989101438,6.19330273986525,7.121383660033821,7.398424255382496,9.624698426423578,54,0.8478260869565217,0.9990472787900441,1804,16840
55,98154,342,922,474,108,14920,42,1666,20,746,42,14847,8,23,20,0.2561437663492721,True,4.8167716098563425,2.876469335260393,0.0,0.0,2.2784560253744606,5.793673808321689,6.976586587715462,7.376795059897377,9.660876552979728,55,0.84,0.998453261600538,1846,14920
56,98113,347,971,470,99,6232,20,800,25,250,20,6200,4,8,25,0.2473845913065051,True,5.073071388678278,2.4865523380608856,0.0,3.0878803698853607,3.959458857408574,5.7474422008497745,6.530466590941079,7.736798972089632,9.12369367329328,56,0.8333333333333334,0.9987113402061856,1887,6232
57,98072,338,1013,479,98,18525,36,1666,25,741,36,18460,5,24,25,0.24583346038321938,True,4.823464031855164,2.9388298605149337,0.0,0.10896144377937869,2.3225167901756527,5.612601012022794,7.147499826971413,7.806766270600357,10.070550310618271,57,0.8780487804878049,0.998701579744644,1928,18525
58,98032,326,1055,490,97,16700,33,1643,25,668,33,16648,5,14,25,0.24833966121890924,True,4.770010195392109,3.047152589519743,0.0,0.0,2.155180853938726,5.631364649962302,7.270874293997267,7.7414007070896345,10.426571987931679,58,0.868421052631579,0.9991597647341256,1968,16700
59,97993,337,1109,466,95,17275,34,1666,25,691,34,17219,7,15,25,0.2560708605643845,True,4.892961532283386,2.9505084831634676,0.0,0.24852872560480022,2.3796298400358764,5.748668837158323,7.303428484758101,7.847079444698362,10.236686203243426,59,0.8292682926829268,0.9991296274805617,2007,17275
60,97953,338,1156,455,98,14150,37,1666,25,566,37,14091,9,13,25,0.26412247199022076,True,5.018301165776919,2.801082210869443,0.0,0.3086263222996071,3.4971717175727774,5.820922442281432,7.154994626871624,7.577461946295347,9.64824131697505,60,0.8043478260869565,0.9990782756664776,2047,14150
61,97913,346,1193,455,93,13000,40,1645,25,520,40,12934,9,17,25,0.2573667193176794,True,5.324848191537578,2.522122316420395,0.0,2.2796643991970753,3.5683009531896976,6.172941927992751,7.07808566555045,7.846341831790084,9.059796430706673,61,0.8163265306122449,0.998687360049417,2087,13000
62,97872,338,1233,468,89,9786,28,1192,25,392,28,9736,10,12,25,0.25934763569165925,True,4.748695175850694,2.2895635378735,0.0,2.529419098069483,3.329830315172476,5.21560542068123,6.267476712411433,6.637887390552223,8.203105796830984,62,0.7368421052631579,0.9987689782519491,2128,9786
63,97832,330,1277,472,89,18120,38,1666,20,906,38,18052,11,19,20,0.26643969414706925,True,4.67060617395828,2.916834812354978,0.0,0.0,2.0319056712342953,5.486853645989661,7.078115333442026,7.542728248694094,11.37332267493368,63,0.7755102040816326,0.9989485916662055,2168,18120
64,97793,317,1315,482,93,18080,30,1664,20,904,30,18028,5,17,20,0.2630886767583508,True,4.8328763121803435,2.8356891779896087,0.0,0.8701120147701926,2.5054938938115927,5.575444657949668,7.131530835566085,7.531625572005271,10.160812319851873,64,0.8571428571428571,0.9990579107786091,2207,18080
65,97756,318,1352,480,94,17720,32,1646,20,886,32,17664,4,20,20,0.26049932469260223,True,4.9097644061691526,3.1203111480466452,0.0,0.0,1.4648393681171281,6.304873695762642,7.053757281599042,7.697077632555438,10.165290177864529,65,0.8888888888888888,0.9988690341551685,2244,17720
66,97718,314,1409,465,94,17580,37,1659,20,879,37,17515,7,21,20,0.25739111295628,True,4.764567668045757,2.943392140381637,0.0,0.2580762327191555,2.097420404033662,6.040132458582667,6.921030298679749,7.515524023769055,11.440971102661454,66,0.8409090909090909,0.9988024635036497,2282,17580
67,97681,313,1450,465,91,15900,32,1655,20,795,32,15841,5,22,20,0.2509006568770695,True,4.6782474587482685,2.6731006261771277,0.0,1.1284188057455369,2.2832719933758283,5.702880852724921,6.566688066496125,7.277821412593562,9.455358379108414,67,0.8648648648648649,0.9986131248818004,2319,15900
68,97644,305,1496,468,87,2043,8,263,20,103,8,2031,1,3,20,0.25384844098010434,True,5.882314437302495,2.328326887300152,2.017104677279394,2.817221359565222,4.45490166572838,6.553669392329439,7.511307217663834,7.717596471811376,9.733403648371668,68,0.8888888888888888,0.9985250737463127,2356,2043
69,97608,299,1539,473,81,18920,25,1666,20,946,25,18869,8,18,20,0.24873710791027306,True,4.726717170629396,2.883415963586925,0.0,0.0,2.0893290889200946,5.7904813431899145,6.986627507711837,7.609089279362727,9.100605154972225,69,0.7575757575757576,0.9990469635198814,2392,18920
70,97573,291,1584,468,84,15480,33,1654,20,774,33,15433,3,11,20,0.2427963295669517,True,4.913648884052323,2.982384334258236,0.0,0.009210594913012115,1.9043366958157968,6.0012705376531965,7.1325042994451895,7.6930425545651335,10.841298404351305,70,0.9166666666666666,0.9992877492877493,2427,15480
71,97539,302,1634,443,82,15360,35,1648,20,768,35,15303,6,16,20,0.2486079077631157,True,5.048821634475681,2.8904007722006675,0.0,0.6200398794876583,2.645781119183823,6.066055391505032,7.2412233524179745,7.7951038616786,10.871793113413998,71,0.8536585365853658,0.9989555454011358,2461,15360
72,97503,307,1678,426,86,16520,38,1666,20,826,38,16457,11,14,20,0.24937759848973634,True,5.451801129881808,2.6173138541814818,0.0,1.762576115060065,4.32883231423576,6.1033602145000625,7.43587186966229,7.7831180446045325,10.3184058683306,72,0.7755102040816326,0.9991500212494687,2497,16520
73,97467,301,1715,430,87,15720,37,1666,20,786,37,15664,10,9,20,0.2479562621230019,True,5.316420849093621,2.6226560838904285,0.0,1.207275983332044,4.284061953559629,5.998206393111056,7.079913774075735,7.825200533422378,9.765018623247201,73,0.7872340425531915,0.9994257640528297,2533,15720
74,97432,293,1758,432,85,7474,14,714,20,374,14,7446,4,10,20,0.2439023308939867,True,4.822193571462068,2.7834431734105345,0.0,1.0755807041539376,2.674696507572509,5.675245510016966,6.86501286101101,7.658055512786753,8.820502295228541,74,0.7777777777777778,0.9986587982832618,2568,7474
75,97397,282,1809,429,83,19500,28,1655,20,975,28,19452,4,16,20,0.23452477607403768,True,4.83780412244506,2.960853803043682,0.0,0.0,2.588779528357867,5.7047705960107455,7.237724770984764,7.6145931616148745,12.661799702499888,75,0.875,0.9991781384836655,2603,19500
76,97364,268,1848,433,87,18120,33,1666,20,906,33,18059,4,24,20,0.23668933898430083,True,4.8525055339442735,3.0862079718824837,0.0,0.1280464699247208,2.0331892666627227,6.058065947503348,7.172959043731109,7.837594215668042,12.17539484480485,76,0.8918918918918919,0.9986727865951446,2636,18120
77,97332,280,1884,421,83,16920,30,1666,20,846,30,16869,7,14,20,0.24144768812764633,True,4.993602338504374,2.9744137806469224,0.0,0.10839294163569255,2.718747254842847,6.097891618714853,7.32141716541185,7.815724969598424,11.688989987109812,77,0.8108108108108109,0.9991707634899011,2668,16920
78,97299,287,1932,404,78,16560,34,1648,20,828,34,16506,4,16,20,0.24403815869344647,True,5.423891911086023,2.8305159029161504,0.0,1.1106027346315808,4.413018882015592,6.158856836302507,7.471872220493191,7.816432866460289,11.202585129414775,78,0.8947368421052632,0.9990315942379857,2701,16560
79,97265,282,1969,406,78,15900,33,1655,20,795,33,15848,9,10,20,0.2533001372687728,True,5.391867435804701,2.652108741165126,0.0,2.0255300586557197,4.807105192127647,5.720265197994379,7.152435735928299,7.430950119295424,10.716180271719738,79,0.7857142857142857,0.999369403455669,2735,15900
80,97232,280,1998,413,77,2512,3,206,20,126,3,2506,1,2,20,0.25154408437886155,True,4.136121091138053,1.7640011053849933,0.8802517078474804,2.876419377850329,4.207197824518895,4.589712773403863,4.788528971636724,5.359083054295355,6.214914178283301,80,0.75,0.9992025518341308,2768,2512
81,97199,269,2048,413,71,18920,27,1666,20,946,27,18868,11,14,20,0.24348788308737793,True,5.042637179981014,2.850204545640357,0.0,0.3106706811725692,3.379956956041523,5.879425220815843,7.1479345485447485,7.699540917160169,10.81764449063176,81,0.7105263157894737,0.999258553119373,2801,18920
82,97167,263,2082,418,70,18960,28,1648,20,948,28,18908,9,15,20,0.2465536174381842,True,5.123080598079424,2.9049084282940654,0.0,0.09512504447653701,3.125385484362761,6.2834998951906655,7.358074569875346,7.731835060576053,10.02166154887893,82,0.7567567567567568,0.9992073138508694,2833,18960
83,97136,279,2131,386,68,16520,33,1666,20,826,33,16466,8,13,20,0.254066119114656,True,5.413676191939857,2.756858682035343,0.0,0.7708836984711718,4.423399107369068,6.281260007360897,7.339934591055751,7.803521229029913,9.655041085936862,83,0.8048780487804879,0.9992111171794406,2864,16520
84,97103,285,2165,382,65,17900,38,1666,25,716,38,17837,14,11,25,0.25965684432737607,True,5.088979528555937,2.8526301125685296,0.0,0.0,3.920914653777634,6.081778103733981,7.20334439772523,7.58767508639599,9.079412391131024,84,0.7307692307692307,0.9993836844464365,2897,17900
85,97070,284,2201,382,63,15400,35,1666,25,616,35,15338,9,18,25,0.2554116399842336,True,4.533325734749066,2.931967997886281,0.0,0.0,0.9865135355771971,5.785346355349647,7.0243883380046706,7.206847344824955,8.600198600205283,85,0.7954545454545454,0.9988278197447252,2930,15400
86,97037,274,2240,383,66,1849,5,249,25,74,5,1842,0,2,25,0.2571880793384866,True,5.871784357388029,2.916370625920297,0.0,3.63319231562269,4.658793454865888,6.726620009618176,7.966579696113881,8.794267323632228,9.125124190138488,86,1.0,0.9989154013015185,2963,1849
87,97005,266,2270,396,63,17175,31,1662,25,687,31,17116,11,17,25,0.2490227302049756,True,4.757028941056599,3.076072353149398,0.0,0.0,1.4009350117602943,5.881030875960324,7.286328304521069,7.756289227094826,10.304740327835468,87,0.7380952380952381,0.9990077627969416,2995,17175
88,96974,257,2307,402,60,21025,25,1666,25,841,25,20978,8,14,25,0.24669063987256817,True,4.8698371306411525,2.9855701974901163,0.0,0.24639070104217842,2.3195887186945217,5.709799905854737,7.1604812179238,7.731275350783319,13.409662994193464,88,0.7575757575757576,0.9993330792682927,3026,21025
89,96944,263,2344,380,69,17275,31,1666,25,691,31,17223,7,14,25,0.2557415195958878,True,5.080826964304353,2.9629786125149806,0.0,0.12220149702642008,2.6749677950502555,6.102485711158003,7.203547479403785,7.68912413474462,12.642870878295565,89,0.8157894736842105,0.9991877936995996,3056,17275
90,96913,266,2371,380,70,17275,33,1666,25,691,33,17214,10,18,25,0.26294357055121925,True,5.5627326584870325,2.716832520854632,0.0,1.4581711593341344,4.336427825994356,6.336423187155813,7.353485354579255,7.9131598796462965,11.876078762397665,90,0.7674418604651163,0.9989554317548747,3087,17275
91,96882,266,2402,382,68,16819,35,1623,25,673,35,16765,11,8,25,0.2582996413707418,True,6.06601550552619,2.5036917339401232,0.0,4.019052371489925,5.58925080458045,6.566755570419889,7.452168485830924,8.071014532213002,11.109286646499765,91,0.7608695652173914,0.9995230429857509,3118,16819
92,96851,254,2447,378,70,23825,21,1653,25,953,21,23785,5,14,25,0.2607208204123995,True,5.113412015472114,2.8518865839155056,0.0,0.3109333524904995,3.2382911834886494,6.070676688123811,7.108930043541997,7.678821930565443,10.365022977533286,92,0.8076923076923077,0.9994117399890752,3149,23825
93,96821,244,2477,386,72,18175,31,1652,25,727,31,18125,8,11,25,0.2441192202359233,True,5.1848564387944815,2.9381375871069477,0.0,0.18130305071111272,2.883118295134501,6.2125932880980335,7.290864324998978,7.999605528351555,10.158660388995724,93,0.7948717948717948,0.9993934715483017,3179,18175
94,96792,227,2521,392,68,18850,29,1654,25,754,29,18800,6,15,25,0.24509213361173354,True,5.146883330507932,3.094171651000713,0.0,0.0,2.572835915332205,6.139201102739166,7.5371667875841215,7.89906652172512,11.616384265323893,94,0.8285714285714286,0.9992027637523253,3208,18850
95,96765,232,2557,375,71,19775,28,1666,25,791,28,19720,9,18,25,0.24800391708361122,True,4.8143160528156015,3.0416780168848483,0.0,0.0,1.8653637694906455,6.026693415849324,7.237831615312412,7.658471616968209,8.97296239163919,95,0.7567567567567568,0.9990880535008613,3235,19775
96,96738,223,2593,367,79,8941,14,733,25,358,14,8922,2,3,25,0.2487671736259873,True,6.050907036088766,2.284419252266465,0.0,3.598311751286476,6.355146084121232,6.823924764969313,7.697020162981456,7.780747860154095,7.972462878514093,96,0.875,0.9996638655462184,3262,8941
97,96712,218,2633,360,77,20100,29,1654,25,804,29,20041,11,19,25,0.22741259225129934,True,4.929147423888504,2.7599195916409083,0.0,0.0,3.1556543134285673,5.98259067784957,7.159645261462387,7.424783959842472,9.210078853101658,97,0.725,0.9990528414755733,3288,20100
98,96687,204,2667,365,77,21480,23,1646,30,716,23,21439,7,11,30,0.22966617572770565,True,4.9504238223176245,2.9955903817976157,0.0,0.0,1.8764320719919783,6.267960072173773,7.083192551594042,7.4947280578331785,9.445513612220036,98,0.7666666666666667,0.9994871794871795,3313,21480
99,96663,207,2700,354,76,23010,25,1637,30,767,25,22958,15,12,30,0.2316538987992424,True,4.743260883659426,2.860418913622346,0.0,0.0,2.0869818580392434,5.861490981544022,6.900192075301861,7.329933494292968,9.545714325208706,99,0.625,0.9994775794514584,3337,23010
100,96639,201,2722,358,80,19380,30,1666,30,646,30,19330,10,10,30,0.23152940755555437,True,5.468605553512802,2.395645183533994,0.0,2.551151143630004,4.267841281351932,6.037792079009084,7.107288355421993,7.5530094075583705,9.015306824044195,100,0.75,0.999482936918304,3361,19380
101,96616,198,2761,348,77,5640,10,518,30,188,10,5625,3,2,30,0.23959650406359195,True,5.842955259275397,2.0500905205055373,0.0,4.759892881399955,5.0321129586894955,6.41196057373978,6.972389502219373,7.604301173384892,7.902673570225305,101,0.7692307692307693,0.9996445708192643,3384,5640
102,96593,194,2792,349,72,22380,20,1646,30,746,20,22343,6,11,30,0.2255376397703905,True,5.030187890407229,2.9134116250048625,0.0,0.19927093666619666,2.8445966275325767,6.220766296881625,7.1563316021876044,7.653607363916912,10.14872733345784,102,0.7692307692307693,0.9995079180459873,3407,22380
103,96570,178,2821,354,77,22530,23,1651,30,751,23,22482,10,15,30,0.23253071494648342,True,5.032858669182429,3.029698439782505,0.0,0.0,2.377686035795176,6.225217642635663,7.299168946836213,7.852545359211247,9.645271502857707,103,0.696969696969697,0.999333244432591,3430,22530
104,96549,184,2854,336,77,21180,27,1666,30,706,27,21143,5,5,30,0.2465008222645838,True,5.233906976766315,2.8578352973895216,0.0,0.825192675778143,3.4128120284557473,6.223836093208855,7.118378145694896,7.823302925907916,10.719295610211782,104,0.84375,0.9997635710232646,3451,21180
105,96528,181,2892,320,79,18720,28,1644,30,624,28,18672,8,12,30,0.24344434218357786,True,5.057380073335687,2.652025864293291,0.0,1.1992840313539577,3.580291939660289,5.988395025846998,6.812684109879706,7.294069956420204,8.93970278807338,105,0.7777777777777778,0.9993577392421323,3472,18720
106,96507,177,2920,320,76,4812,11,521,30,161,11,4797,1,3,30,0.23776989723204528,True,5.771157848906315,2.251318941180509,0.0,3.8571837961845468,4.687639633232302,6.502015344743484,7.346329113413798,7.7233887763046924,8.455089932868026,106,0.9166666666666666,0.999375,3493,4812
107,96486,168,2951,323,72,23880,19,1666,30,796,19,23837,7,17,30,0.22954932455833982,True,5.180542835896865,2.9832314591130604,0.0,0.43846281487515054,3.086222254844774,6.063167490747498,7.323288737109776,7.886186121053909,11.948360941672673,107,0.7307692307692307,0.9992873312651966,3514,23880
108,96466,158,2978,332,66,23760,22,1662,30,792,22,23722,9,7,30,0.23421462811441618,True,5.120592694490954,2.9224151928907096,0.0,0.9790198712679152,2.458772480728746,6.102366353104008,7.244622628627238,7.8121848290920495,11.34983143346222,108,0.7096774193548387,0.999705002317839,3534,23760
109,96448,159,3011,315,67,22980,25,1666,30,766,25,22937,9,9,30,0.24235050630266552,True,4.754000565282741,2.9692967468675016,0.0,0.6487126266022905,1.7156323358161847,5.53889359986654,7.044743108375651,7.757878343585256,10.751301925251768,109,0.7352941176470589,0.9996077747755601,3552,22980
110,96429,154,3042,301,74,19032,19,1295,30,635,19,18997,4,12,30,0.25649095086355433,True,4.991813764870926,2.629892563696066,0.0,1.5550849042987536,3.38971052048036,6.1471508102268935,6.893015342509592,7.3873602163155585,8.794032706641213,110,0.8260869565217391,0.9993687200799621,3571,19032
111,96411,152,3076,296,65,23460,22,1652,30,782,22,23420,8,10,30,0.25351147064738755,True,4.819895211151972,3.150721390828731,0.0,0.0,1.203268945287452,5.947272618728534,7.226521241701525,7.970770724122247,10.480347960889922,111,0.7333333333333333,0.9995731967562953,3589,23460
112,96393,143,3109,298,57,27480,16,1666,30,916,16,27443,7,14,30,0.2498393189855596,True,4.790158814429604,3.101464033743666,0.0,0.0,1.8544234573041527,5.71467591657495,7.3557535812255015,7.664553026572138,9.794762472379723,112,0.6956521739130435,0.9994901118111957,3607,27480
113,96376,138,3135,297,54,22080,16,1666,30,736,16,22043,10,11,30,0.23200454929512948,True,4.970057122080045,3.081580594699223,0.0,0.0,2.0290700438519913,6.419142315899091,7.246786352751814,7.743461161011194,9.000888609013243,113,0.6153846153846154,0.9995012242677065,3624,22080
114,96360,135,3168,284,53,16669,16,1336,30,556,16,16640,7,6,30,0.25219501077372286,True,5.324739392412098,2.80095019399398,0.0,0.3711743204056174,4.526513641391455,6.546269341708639,7.1023410254266786,7.326955818232349,8.504761880336234,114,0.6956521739130435,0.9996395530457768,3640,16669
115,96344,135,3192,277,52,30180,15,1666,30,1006,15,30152,4,9,30,0.2522158965250479,True,4.922760763895897,2.803498643404303,0.0,1.0398130970126709,2.6302693692286696,5.938805301269663,7.217146951047073,7.572057217343744,10.48243280433442,115,0.7894736842105263,0.9997016014057889,3656,30180
116,96328,133,3215,275,49,27480,22,1666,30,916,22,27444,6,8,30,0.25886330484888614,True,5.415569610030507,2.9494937317933894,0.0,0.03988649847188776,4.731645758788897,6.130109932090176,7.451411634797552,7.846021235002064,10.660871973772467,116,0.7857142857142857,0.9997085822526592,3672,27480
117,96313,131,3239,271,46,25800,19,1640,30,860,19,25766,8,7,30,0.26461193005419753,True,5.257863888035319,2.8861086519116825,0.0,0.1638476970837718,2.8903441989048746,6.518017269576841,7.309431435924647,7.465021812661257,8.933792811533944,117,0.7037037037037037,0.9997283979358244,3687,25800
118,96298,135,3269,254,44,6257,5,389,30,209,5,6248,2,2,30,0.258383332052807,True,5.24008681111299,2.149630704155097,1.7079021554707876,2.254592983998595,3.988958716573502,6.075675085950115,6.578153860264337,7.144013758724631,7.762805282694347,118,0.7142857142857143,0.99968,3702,6257
119,96282,122,3300,251,45,23880,16,1666,30,796,16,23848,5,11,30,0.249873082787326,True,4.892509579421621,3.1196545265251387,0.0,0.0,2.0024626724258385,5.947363068868004,7.35820202736816,7.772029066616666,12.364128117638549,119,0.7619047619047619,0.9995389580451821,3718,23880
120,96268,119,3330,244,39,28380,17,1666,30,946,17,28353,5,5,30,0.2559349178747608,True,5.154090085228034,3.364757965485211,0.0,0.0,1.7857952033390294,6.385461222519266,7.514475237847423,8.021707618044603,14.95592593046797,120,0.7727272727272727,0.9998236829113478,3732,28380
121,96254,120,3360,228,38,25740,14,1638,30,858,14,25717,5,4,30,0.2709972035894006,True,5.1492553369852505,2.92908208458236,0.0,1.035488202631647,2.6579641402854923,6.635847230966046,7.343337604456073,7.782446177829871,8.711989788266685,121,0.7368421052631579,0.9998444850511256,3746,25740
122,96240,121,3383,223,33,11751,11,752,30,392,11,11735,3,2,30,0.26289679025205176,True,5.91031885712593,1.9556678595481298,0.0,5.222545655633511,5.931260034122434,6.538963622385865,6.695036853955123,7.351931270701975,8.021318305489471,122,0.7857142857142857,0.9998295987049501,3760,11751
123,96226,113,3403,225,33,29280,12,1666,30,976,12,29249,10,9,30,0.26238593305455127,True,4.906835076634922,3.1602086018210036,0.0,0.0,1.6512631974274161,6.101101815634549,7.229392375109745,7.742164036897868,10.983836195961333,123,0.5454545454545454,0.9996923918244582,3774,29280
124,96213,108,3430,216,33,29280,15,1666,30,976,15,29252,5,8,30,0.26306028988741714,True,5.019422696385818,3.4077903483720497,0.0,0.0,1.286612224523949,6.483080746791557,7.857553335718276,8.151734602534777,10.437616655241323,124,0.75,0.9997265892002735,3787,29280
125,96200,111,3456,206,27,23880,21,1666,30,796,21,23847,5,7,30,0.2691965532197223,True,5.723821774041783,3.0466645250839344,0.0,1.201383483670634,4.942050175725093,6.8072312096368774,7.7158586775234905,8.271479485609271,9.904903646466833,125,0.8076923076923077,0.9997065481680222,3800,23880
126,96187,114,3475,201,23,7350,5,485,30,245,5,7344,0,1,30,0.27537466975752506,True,6.678529948790975,3.095320596744239,0.0,4.946213505394408,6.8534348751316205,7.788193120757878,8.587553095394242,8.87541246417773,9.098938237700864,126,1.0,0.9998638529611981,3813,7350
127,96174,110,3487,204,25,26340,18,1658,30,878,18,26314,6,2,30,0.26754433668203786,True,5.532327360864919,2.737712345481596,0.0,1.9247343834749038,4.393783185697942,6.349457634686347,7.505604129008269,7.997215531582895,9.639306430935518,127,0.75,0.9999240006079951,3826,26340
128,96161,101,3505,212,21,31110,13,1637,30,1037,13,31085,5,7,30,0.2794559229748652,True,5.215449102361568,2.881756297807391,0.0,0.209412066209855,3.4936395655144556,6.083888217817317,7.422455603327222,7.83622827302235,9.431612347274159,128,0.7222222222222222,0.999774861700759,3839,31110
129,96149,104,3522,202,23,24780,16,1666,30,826,16,24752,5,7,30,0.28227904780820035,True,5.514333082847033,2.896418727006229,0.0,0.9310939251977539,5.134491919335299,6.531230352318941,7.179658045979212,7.846775057834431,10.522974490237896,129,0.7619047619047619,0.9997172745264349,3851,24780
130,96137,99,3544,194,26,7582,9,643,30,253,9,7569,2,2,30,0.2854977758256463,True,5.9275015941111855,2.362602072479136,0.0,4.079387923283893,5.438485622481048,6.611465347991012,7.689789848867973,8.005205534183853,8.331652084461988,130,0.8181818181818182,0.9997358341038172,3863,7582
131,96125,99,3562,190,24,27480,15,1666,30,916,15,27452,7,6,30,0.26584330059747596,True,5.095161010662665,3.011187018704701,0.0,0.2184442488626514,1.4877286072226859,6.056771079852908,7.449989126243739,7.742409072282928,9.649189511898573,131,0.6818181818181818,0.9997814844489766,3875,27480
132,96113,94,3581,191,21,30660,11,1652,30,1022,11,30632,6,11,30,0.26771116457817096,True,4.660264237703417,3.1730694589113377,0.0,0.0,1.1702257762517876,5.600329593063837,7.529396211352893,7.90485503386889,9.224542066710264,132,0.6470588235294118,0.999641027314558,3887,30660
133,96102,92,3599,188,19,31560,13,1652,30,1052,13,31539,3,5,30,0.2606813892731334,True,5.560856674755204,2.68477258852418,0.0,1.981950014134519,4.6097545849277966,6.62355568067668,7.419275766073677,7.545047002444213,8.9897471949515,133,0.8125,0.9998414912503171,3898,31560
134,96091,89,3616,183,21,131,1,35,30,5,1,130,0,0,30,0.26535269948019424,True,7.013912885380512,0.0,7.013912885380512,7.013912885380512,7.013912885380512,7.013912885380512,7.013912885380512,7.013912885380512,7.013912885380512,134,1.0,1.0,3909,131
135,96081,87,3630,180,22,30180,17,1666,30,1006,17,30151,5,7,30,0.24936874141311138,True,4.899024686612184,3.081639231654352,0.0,0.0,1.5940929579104537,6.190705771123053,7.245914915728032,7.879772647725987,8.982468708754197,135,0.7727272727272727,0.9997678891173155,3919,30180
136,96071,82,3646,182,19,33330,11,1651,30,1111,11,33313,2,4,30,0.2566606669899445,True,4.438081284613551,3.269776257633001,0.0,0.0,0.06716007666450553,6.356854054464839,7.086994193888657,7.573657332284008,9.341284326039336,136,0.8461538461538461,0.9998799411711738,3929,33330
137,96061,87,3658,173,21,26338,13,1568,30,878,13,26309,7,9,30,0.26068069222817103,True,4.571992153788745,3.2791394847783626,0.0,0.0,0.8570315274902448,5.672231875816946,7.238025338112007,7.563410965334766,9.595811111501032,137,0.65,0.9996580287255871,3939,26338
138,96051,80,3670,179,20,32190,12,1643,30,1073,12,32165,6,7,30,0.2667549213688868,True,4.970879088297336,3.2697113822522907,0.0,0.0,0.8143393700130462,6.060377966840139,7.560971169248556,7.951809833851563,11.118887848029104,138,0.6666666666666666,0.9997824194952132,3949,32190
139,96042,78,3688,174,18,21810,15,1657,30,727,15,21785,7,3,30,0.25748917385757203,True,4.891825514972318,3.145780670846461,0.0,0.4221291035099734,1.8677890206639427,6.0065060565081225,7.342394622289524,7.812182591587838,10.504404216763328,139,0.6818181818181818,0.9998623095281807,3958,21810
140,96033,71,3710,169,17,31080,11,1666,30,1036,11,31051,7,11,30,0.24427251200435113,True,4.404013619391809,3.343302511296408,0.0,0.0,0.10485625649459071,4.29944671319269,7.468791946794385,8.063929779383226,9.889920585497554,140,0.6111111111111112,0.9996458695512201,3967,31080
141,96025,70,3729,160,16,4772,4,280,30,160,4,4767,0,1,30,0.22604848311509934,True,5.561062368632074,2.9523252894206973,0.0,3.450281391860784,5.75046898643464,5.990924206717371,7.697004999594064,7.964968459922157,8.366913650414295,141,1.0,0.9997902684563759,3975,4772
142,96017,64,3741,162,16,29280,14,1666,30,976,14,29258,7,1,30,0.24558850380282285,True,5.770911488450164,2.673263245518206,0.0,2.465988616973898,4.820861191795627,6.7329188609970885,7.441327887452622,8.004644006352786,9.528620729470571,142,0.6666666666666666,0.9999658224819714,3983,29280
143,96010,60,3753,163,14,30180,12,1666,30,1006,12,30157,6,5,30,0.24298400843408188,True,5.623554842366513,2.8196868826460846,0.0,0.5764660828496075,5.134439961213424,6.5755645048018145,7.638905384233691,7.762620447177792,9.15314622033024,143,0.6666666666666666,0.9998342284994364,3990,30180
144,96003,62,3772,150,13,29280,14,1666,30,976,14,29260,2,4,30,0.24030832286553838,True,5.5238069271664845,2.4674853310685734,0.0,2.871646022145562,5.013894849589403,6.362859183731054,7.0236692603382345,7.651961621256108,8.457103102886062,144,0.875,0.9998633132859486,3997,29280
145,95996,59,3781,151,13,1137,0,38,30,38,0,1137,0,0,30,0.25090205791539805,True,0.0,0.0,0.0,0.0,0.0,0.0,0.0,0.0,0.0,145,,1.0,4004,1137
146,95989,55,3797,148,11,29280,11,1666,30,976,11,29258,7,4,30,0.20898694181127164,True,4.793455159203333,2.8867509589647664,0.0,0.0648891204236053,2.4510092657318667,5.570203625749598,7.29713434176306,7.768409049502457,8.697695570793915,146,0.6111111111111112,0.9998633039436812,4011,29280
147,95983,44,3809,153,11,32880,7,1666,30,1096,7,32858,9,6,30,0.19698027113416328,True,4.2912421185848375,3.372440642959942,0.0,0.0,0.1610331355917564,5.695360769045556,7.165346871371843,7.6692562666123365,8.985649816486056,147,0.4375,0.999817429406037,4017,32880
148,95978,46,3822,143,11,27734,9,1615,30,925,9,27716,6,3,30,0.21828739171650094,True,6.240301594368257,3.2392891682662426,0.0,2.475138953148918,5.5329291409433585,7.179196114576028,7.892988951444403,8.6638802717511,11.003090556339226,148,0.6,0.9998917709874093,4022,27734
149,95973,45,3833,139,10,32880,11,1666,30,1096,11,32861,7,1,30,0.20727642440851657,True,5.962310757432251,2.756367327136282,0.0,1.9636091113962282,5.469086726840326,6.479634186847766,7.768892964773414,8.30966538542539,10.30918862021494,149,0.6111111111111112,0.9999695697157811,4027,32880
150,95968,40,3846,136,10,36480,5,1666,30,1216,5,36466,3,6,30,0.20721551496769341,True,5.616687230441522,2.8211545747686797,0.0,1.9496721756744848,4.032851273069666,6.356694395290382,7.824780527627434,8.143770619181383,9.770578632494324,150,0.625,0.9998354902390875,4032,36480
151,95963,36,3855,137,9,20542,7,955,30,685,7,20532,2,1,30,0.22941957148267825,True,6.07790669874948,2.631941991286548,0.0,4.8039830460344115,5.41880499160787,6.796073439355048,7.6412842439025415,7.806649623163704,9.231968644773707,151,0.7777777777777778,0.9999512979106804,4037,20542
152,95959,35,3865,135,6,33780,4,1666,30,1126,4,33763,8,5,30,0.25972210870423657,True,4.491586735036495,3.133996331698817,0.0,0.0,0.5084937459445493,5.484996998009187,6.990977772940599,7.5365451451925365,8.693358657053091,152,0.3333333333333333,0.9998519308220801,4041,33780
153,95955,35,3872,131,7,33780,7,1666,30,1126,7,33762,6,5,30,0.2147716839163483,True,4.529225231409524,2.9579235321498554,0.0,0.584182344259128,1.6471616370630935,5.285121490960892,7.057602853603384,7.6462606913060265,8.246497525012876,153,0.5384615384615384,0.9998519264370539,4045,33780
154,95951,29,3882,130,8,22352,2,1046,30,746,2,22343,4,3,30,0.23744317495608547,True,3.876444551984174,3.0702257452818826,0.0,0.45133018124566526,0.7522169687427754,4.364814148188847,6.461677333115401,6.99841212381878,7.80351430987385,154,0.3333333333333333,0.9998657477848385,4049,22352
155,95948,30,3891,123,8,35580,5,1666,30,1186,5,35567,7,1,30,0.24220050150170086,True,5.477590209080884,2.29477682384589,0.0,3.2841906010071247,4.500309402376543,5.948718320794577,6.977179187354697,7.453014033251177,9.335770108760457,155,0.4166666666666667,0.9999718848403059,4052,35580
156,95945,28,3905,115,7,30180,7,1666,30,1006,7,30164,7,2,30,0.2651905153345505,True,5.221988861522079,3.008290893703941,0.0,0.516353886210954,3.946034977441216,5.875264998530946,7.389345553296241,8.190970211074035,9.080922436535069,156,0.5,0.9999337001922695,4055,30180
157,95942,28,3922,100,8,24165,5,1076,30,806,5,24156,2,2,30,0.28740184095443355,True,4.8602979644496775,2.6732043574589217,0.0,1.3751560702848322,3.481513897824418,6.358054125879969,6.704178311706775,6.8096305746467225,7.292647206205392,157,0.7142857142857143,0.9999172116897094,4058,24165
158,95939,29,3931,94,7,33360,5,1652,30,1112,5,33353,2,0,30,0.2933402437939637,True,4.807388961911572,2.728691221939831,0.0,1.3496108136174298,3.8439784243440456,4.873153295455885,6.340681049020281,7.380498895061368,10.650692706916121,158,0.7142857142857143,1.0,4061,33360
159,95936,26,3940,91,7,31140,2,1638,30,1038,2,31134,2,2,30,0.2946737966230993,True,4.742455187901286,3.359497962199159,0.0,1.3603677049997702,1.6677834335924289,4.44872100561202,7.340014590035538,7.514709825624292,11.580064418992633,159,0.5,0.9999357656731758,4064,31140
160,95933,24,3949,88,6,25449,4,1149,30,849,4,25442,1,2,30,0.24707425922367754,True,5.919698400627804,2.533546486695862,1.2935913701077788,3.3795555595420947,4.687953229687074,6.645987181367243,7.915394829802231,8.363901429919778,8.558818712516981,160,0.8,0.9999213960069171,4067,25449
161,95930,22,3961,80,7,34020,1,1644,30,1134,1,34015,3,1,30,0.2263717159781378,True,4.666249119434216,3.1335922512456165,0.0,0.0,1.0748852658465513,6.2108584088568906,7.584536589912178,7.673665929130797,8.050743067672403,161,0.25,0.9999706020696143,4070,34020
162,95927,21,3967,77,8,36480,2,1666,30,1216,2,36469,4,5,30,0.25591048273769335,True,4.719653514056757,2.9686034639150796,0.0,1.016312779227602,1.851961534658776,5.494609544265299,7.313204109602584,7.529038219920679,8.258116001544407,162,0.3333333333333333,0.9998629160497889,4073,36480
163,95925,17,3976,72,10,19466,3,949,30,649,3,19459,3,1,30,0.2856144283296865,True,6.044976224108383,1.9818950947610845,2.7372041912851266,4.383279489012702,5.480663020831087,6.774408501297254,7.338721704574549,7.560786503766289,7.893883702553898,163,0.5,0.9999486125385406,4075,19466
164,95923,17,3990,59,11,35340,3,1658,30,1178,3,35326,10,1,30,0.2658040412553,True,4.990470561252897,2.9744852286995056,0.0,1.3661638905680433,2.7575744770411714,5.70243874029232,7.45424737360325,7.519708476030749,9.708945548882252,164,0.23076923076923078,0.9999716930393183,4077,35340
165,95921,18,3997,54,10,33780,3,1666,30,1126,3,33768,7,2,30,0.2731336877649647,True,6.396662976487692,2.5966940282719886,2.342259758537421,3.2407435264251214,5.267512088671873,6.927110466952355,7.165419104572882,7.923038555920436,11.432829103382499,165,0.3,0.9999407758365413,4079,33780
166,95919,18,4006,49,8,20869,4,1026,30,696,4,20859,6,0,30,0.25332869329680224,True,7.990752846986354,1.88270286301231,5.801338372590103,6.523225516600829,7.004483612607979,7.586121375060431,8.572390609438806,9.539206471757064,10.989430265234452,166,0.4,1.0,4081,20869
167,95917,17,4013,46,7,40080,2,1666,30,1336,2,40075,1,2,30,0.26882914142295666,True,4.9353745385458705,2.9676495531057743,0.0,1.7918819151918672,2.3585851151551824,5.45584185938393,6.966130486218294,7.460162411098574,10.546031427086405,167,0.6666666666666666,0.9999500960650747,4083,40080
168,95915,17,4021,42,5,37530,3,1641,30,1251,3,37521,3,3,30,0.27743270378782076,True,4.9732625285320236,3.241633264242481,0.0,0.8393833992224349,3.111011087386179,5.22542424791355,7.195919711140462,7.533807964316632,10.10263258893836,168,0.5,0.9999200511672529,4085,37530
169,95913,15,4025,43,4,12393,0,594,30,414,0,12392,0,1,30,0.3024173037591844,True,3.3035290879748413,0.0,3.3035290879748413,3.3035290879748413,3.3035290879748413,3.3035290879748413,3.3035290879748413,3.3035290879748413,3.3035290879748413,169,,0.9999193092875011,4087,12393
170,95911,16,4029,41,3,37380,0,1666,30,1246,0,37374,4,2,30,0.2642962744375889,True,5.3379077243010284,3.489949528386552,0.0,1.0206389527935573,2.3882020907807697,6.31724139560192,7.977109159248414,8.471946431170139,11.331252083600667,170,0.0,0.9999464897260274,4089,37380
171,95909,14,4034,40,3,34680,4,1636,30,1156,4,34671,4,1,30,0.2579816161521615,True,6.477735008436065,2.5469456682967597,1.2514544102426364,3.351688887530893,6.686952553466272,7.428404313136924,8.057928628926673,8.09470153734487,9.019940574768585,171,0.5,0.999971158283341,4091,34680
172,95907,15,4035,39,4,17950,3,809,30,599,3,17942,3,2,30,0.27024396282240776,True,4.5622279532036965,3.3884543296787437,0.0,0.6026129485835022,1.004354914305837,6.186864396956061,7.493135480961004,7.7465952780948335,8.126784973795578,172,0.5,0.9998885421310745,4093,17950
173,95905,16,4040,34,5,34710,5,1637,30,1157,5,34699,4,2,30,0.29418719141674726,True,4.71275810447323,2.915448206548072,0.0,0.8248605156521003,1.5833437357884543,6.280221232992161,7.05334049100398,7.129366799516096,8.041031761869107,173,0.5555555555555556,0.9999423647733495,4095,34710
174,95903,15,4044,35,3,35580,3,1666,30,1186,3,35573,2,2,30,0.3088969586183878,True,4.534370955576599,3.07784985990843,0.510155922432238,1.5478547151780937,1.9167798932262592,5.157118983596799,6.186026707804622,7.453599656600784,9.867708580945402,174,0.6,0.9999437807449051,4097,35580
175,95901,14,4050,32,3,19727,2,808,30,658,2,19722,3,0,30,0.2718938035321805,True,6.185954844884474,0.5036137863233972,5.682341058561077,5.833425194458096,5.934147951722775,6.185954844884474,6.437761738046174,6.538484495310852,6.689568631207871,175,0.4,1.0,4099,19727
176,95899,14,4055,30,2,36480,4,1666,30,1216,4,36472,4,0,30,0.2871571312121845,True,6.141073381859405,3.4437122372397115,0.0,1.4006083412510586,4.527520846373985,7.705833488145541,8.541021008685366,8.649036346970368,10.151499263194085,176,0.5,1.0,4101,36480
177,95897,14,4061,27,1,35580,4,1666,30,1186,4,35570,4,2,30,0.1581633150557297,True,5.846999226863511,3.795071922913591,0.0,0.0,3.548821383225915,7.527172907657843,8.136759225068406,8.490975298064976,10.030660463798096,177,0.5,0.9999437760035983,4103,35580
178,95895,12,4065,27,1,17964,1,839,30,599,1,17957,5,1,30,0.18566997355251766,True,3.756089341354617,3.756089341354617,0.0,1.126826802406385,1.8780446706773084,3.756089341354617,5.634134012031925,6.385351880302848,7.512178682709234,178,0.16666666666666666,0.9999443145116382,4105,17964
179,95894,11,4067,26,2,37380,3,1666,30,1246,3,37374,3,0,30,0.19059558672103266,True,6.14522024737022,2.6622930488394045,0.0,5.210503981151712,6.238285224899008,7.07073808382073,7.2275561842832285,7.421693564590137,9.014120829406341,179,0.5,1.0,4106,37380
180,95893,8,4068,29,2,40980,0,1666,30,1366,0,40977,2,1,30,0.1982128984017127,True,3.0693771884665964,0.0,3.0693771884665964,3.0693771884665964,3.0693771884665964,3.0693771884665964,3.0693771884665964,3.0693771884665964,3.0693771884665964,180,0.0,0.9999755966616233,4107,40980
181,95892,8,4069,29,2,11666,0,449,30,389,0,11666,0,0,30,0.2082201522629889,True,0.0,0.0,0.0,0.0,0.0,0.0,0.0,0.0,0.0,181,,1.0,4108,11666
182,95891,7,4069,30,3,40980,0,1666,30,1366,0,40975,3,2,30,0.22142884609794317,True,0.568622387246532,0.4243086399023533,0.0,0.20607811491525033,0.34346352485875054,0.6869270497175011,0.8529335808697981,0.9193361933307169,1.0189401120220951,182,0.0,0.9999511921321717,4109,40980
183,95890,8,4071,29,2,39180,0,1666,30,1306,0,39177,1,2,30,0.23551728924434365,True,0.38819025821344827,0.38819025821344827,0.0,0.11645707746403447,0.19409512910672413,0.38819025821344827,0.5822853873201724,0.659923438962862,0.7763805164268965,183,0.0,0.999948952244825,4110,39180
184,95889,9,4073,27,2,9864,0,449,30,329,0,9863,1,0,30,0.25117579333449713,True,0.0,0.0,0.0,0.0,0.0,0.0,0.0,0.0,0.0,184,0.0,1.0,4111,9864
185,95888,10,4073,27,2,35580,1,1666,30,1186,1,35575,2,2,30,0.2689111868063886,True,4.690757928610158,3.669464236393089,0.0,1.0642106941976173,1.551629623748477,4.4805297309543555,8.30146665288725,8.806882274012809,9.033046228207512,185,0.3333333333333333,0.9999437839053321,4112,35580
186,95887,11,4077,23,2,32880,3,1666,30,1096,3,32871,6,0,30,0.2867442572033014,True,5.357253909483289,3.496130872719007,0.0,2.02296405630247,3.371606760504117,6.363483135128404,8.349130284107577,8.490297917535084,8.702049367676349,186,0.3333333333333333,1.0,4113,32880
187,95886,12,4079,21,2,21568,0,929,30,719,0,21566,1,1,30,0.3188079801551286,True,1.3771735113076284,0.0,1.3771735113076284,1.3771735113076284,1.3771735113076284,1.3771735113076284,1.3771735113076284,1.3771735113076284,1.3771735113076284,187,0.0,0.9999536328650253,4114,21568
188,95885,10,4081,20,4,35580,0,1666,30,1186,0,35573,6,1,30,0.3886836112921256,True,5.249739489863033,2.4872463543050896,1.0779000649165544,2.395365680669588,3.5376562057889913,6.157238575767777,7.09046613917895,7.433626304297109,8.04005564661402,188,0.0,0.9999718895822792,4115,35580
189,95884,8,4083,21,4,40080,1,1666,30,1336,1,40079,0,0,30,0.3312294677301623,True,6.881228068549764,1.0146448071821776,5.866583261367587,6.170976703522239,6.373905664958675,6.881228068549764,7.388550472140853,7.591479433577289,7.895872875731942,189,1.0,1.0,4116,40080
190,95883,8,4089,17,3,14370,1,629,30,479,1,14368,1,0,30,0.35774551850032876,True,5.394390177649528,0.0,5.394390177649528,5.394390177649528,5.394390177649528,5.394390177649528,5.394390177649528,5.394390177649528,5.394390177649528,190,0.5,1.0,4117,14370
191,95882,9,4090,16,3,37380,1,1666,30,1246,1,37371,6,2,30,0.4004813488665662,True,4.220984915099884,3.1089968600325157,0.5469781501177172,1.1390300425825666,1.3789138438063036,4.3048964974407635,7.189197243691877,7.317107640532079,7.614921227229666,191,0.14285714285714285,0.9999464854306584,4118,37380
192,95881,9,4091,16,3,40080,2,1666,30,1336,2,40075,2,1,30,0.36333082548856666,True,5.138873538492338,3.7179327964734896,0.0,2.0234137889012818,3.37235631483547,6.74471262967094,7.708310307738508,8.093749378965533,8.671907985806074,192,0.5,0.9999750474099212,4119,40080
193,95880,8,4093,15,4,12576,0,540,30,420,0,12573,3,0,30,0.28374923011587044,True,0.0,0.0,0.0,0.0,0.0,0.0,0.0,0.0,0.0,193,0.0,1.0,4120,12576
194,95879,7,4095,15,4,33780,2,1666,30,1126,2,33774,3,1,30,0.3110437877214394,True,4.619076696847771,2.50235262507557,1.4429236758730712,2.3491605680784637,2.9533184962153927,4.037073287546132,6.027578609275098,7.070342931696722,8.634489415329158,194,0.4,0.9999703923019985,4121,33780
195,95878,6,4096,16,4,35580,2,1666,30,1186,2,35574,3,1,30,0.3143734227612191,True,4.897366488458016,3.476037586347393,0.0,2.0931368484634,3.488561414105667,6.977122828211334,7.346049732687025,7.493620494477301,7.7149766371627155,195,0.4,0.9999718903724526,4122,35580
196,95877,7,4100,13,3,20677,1,870,30,690,1,20676,0,0,30,0.33887279384450864,True,6.764301525182114,0.0,6.764301525182114,6.764301525182114,6.764301525182114,6.764301525182114,6.764301525182114,6.764301525182114,6.764301525182114,196,1.0,1.0,4123,20677
197,95876,7,4101,12,4,37380,0,1666,30,1246,0,37374,6,0,30,0.36013922697461975,True,5.8642919393548505,1.6925051721582327,3.1974114532474993,4.31970438945292,5.067899680256534,6.299378671013725,7.095770930112041,7.321862142925005,7.660998962144451,197,0.0,1.0,4124,37380
198,95875,6,4103,12,4,39180,1,1666,30,1306,1,39174,5,0,30,0.3892141278598442,True,4.45028971112049,3.193248596047864,0.0,1.8033061595812439,3.00551026596874,6.01102053193748,6.675434566680735,6.941200180578036,7.33984860142399,198,0.16666666666666666,1.0,4125,39180
199,95874,6,4104,12,4,13477,0,540,30,450,0,13476,0,1,30,0.12389950705588919,True,0.0,0.0,0.0,0.0,0.0,0.0,0.0,0.0,0.0,199,,0.9999257995102767,4126,13477
200,95873,5,4107,11,4,36900,2,1650,30,1230,2,36896,1,1,30,0.09792226775333582,True,3.091980016625372,2.4394928831639935,0.0,0.6405427425618961,1.0675712376031603,3.320968168288144,5.345376947310355,5.497619660356293,5.7259837299252,200,0.6666666666666666,0.9999728975255441,4127,36900
201,95872,5,4107,12,4,37380,1,1666,30,1246,1,37375,3,1,30,0.11175737226348761,True,6.110234913863119,1.7907475418963368,4.3194873719667815,4.856711634535682,5.21486114291495,6.110234913863119,7.005608684811287,7.363758193190554,7.900982455759455,201,0.25,0.9999732448630136,4128,37380
202,95871,5,4107,12,5,15761,0,676,30,526,0,15759,2,0,30,0.11589419124731917,True,0.0,0.0,0.0,0.0,0.0,0.0,0.0,0.0,0.0,202,0.0,1.0,4129,15761
203,95870,5,4108,13,4,37170,1,1659,30,1239,1,37169,0,0,30,0.14028330981211345,True,5.826781932903404,2.9153804530567853,0.0,4.289430584544691,7.149050974241152,7.207854458774054,7.310618746868491,7.372925441974425,7.4663854846333235,203,1.0,1.0,4130,37170
204,95869,5,4109,13,4,37380,4,1666,30,1246,4,37371,4,1,30,0.1631606829523866,True,5.147149493957401,2.630756821380237,0.0,3.2360007131508035,5.393334521918006,6.609426075419342,6.859000081170706,6.8649947652140035,6.87398679127895,204,0.5,0.9999732419993578,4131,37380
205,95868,6,4110,12,4,15490,0,637,30,517,0,15488,2,0,30,0.18844329355101674,True,0.0,0.0,0.0,0.0,0.0,0.0,0.0,0.0,0.0,205,0.0,1.0,4132,15490
206,95867,7,4110,12,4,41640,1,1658,30,1388,1,41635,2,2,30,0.08561896276014425,True,4.5396703995003564,2.3995898027580527,0.0,1.7629995594427068,3.5952577525104457,5.530176277775722,5.822476077172669,6.1013913607336745,7.4120488593605405,206,0.3333333333333333,0.9999519657996494,4133,41640
207,95866,4,4113,14,3,35760,0,1642,30,1192,0,35757,3,0,30,0.1453297920868304,True,3.6583115349678956,3.6583115349678956,0.0,1.0974934604903686,1.8291557674839478,3.6583115349678956,5.487467302451844,6.219129609445423,7.316623069935791,207,0.0,1.0,4134,35760
208,95866,4,4114,14,2,12638,1,602,30,422,1,12633,3,1,30,0.19574171333089604,True,3.4820753056533396,3.4820753056533396,0.0,1.044622591696002,1.7410376528266698,3.4820753056533396,5.22311295848001,5.919528019610677,6.964150611306679,208,0.25,0.9999208485040367,4134,12638
209,95866,3,4114,14,3,37680,0,1646,30,1256,0,37669,10,1,30,0.26241518878528985,True,2.783657616816392,1.0244020149915671,1.3349344076827023,1.9868079195375157,2.421390260774058,3.5078461138654142,3.508019221383237,3.508088464390366,3.5081923289010595,209,0.0,0.9999734536766658,4134,37680
210,95866,3,4115,13,3,35580,1,1666,30,1186,1,35575,3,1,30,0.33862932063894047,True,5.051136211725853,1.8625493699371136,3.1885868417887395,3.7473516527698734,4.119861526757297,5.051136211725853,5.98241089669441,6.354920770681833,6.913685581662967,210,0.25,0.9999718911625816,4134,35580
211,95866,2,4115,14,3,16780,0,650,30,560,0,16780,0,0,30,0.40763879867641417,True,0.0,0.0,0.0,0.0,0.0,0.0,0.0,0.0,0.0,211,,1.0,4134,16780
212,95866,2,4116,13,3,42780,1,1666,30,1426,1,42775,3,1,30,0.476648276713888,True,4.907052056792644,2.357676189228543,2.5493758675641005,3.2566787243326636,3.7282139621783723,4.907052056792644,6.085890151406916,6.557425389252624,7.264728246021187,212,0.25,0.999976622405087,4134,42780
213,95866,2,4118,13,1,40080,0,1666,30,1336,0,40077,3,0,30,0.5456577547513617,True,0.0,0.0,0.0,0.0,0.0,0.0,0.0,0.0,0.0,213,0.0,1.0,4134,40080
214,95866,2,4120,11,1,7181,0,270,30,240,0,7181,0,0,30,0.6259140848904544,True,0.0,0.0,0.0,0.0,0.0,0.0,0.0,0.0,0.0,214,,1.0,4134,7181
215,95866,1,4121,11,1,38280,0,1666,30,1276,0,38277,3,0,30,0.6885054933794998,True,1.590559406227142,0.0,1.590559406227142,1.590559406227142,1.590559406227142,1.590559406227142,1.590559406227142,1.590559406227142,1.590559406227142,215,0.0,1.0,4134,38280
216,95866,1,4122,10,1,39180,0,1666,30,1306,0,39173,6,1,30,0.7510969018685453,True,1.2709539191148223,0.0,1.2709539191148223,1.2709539191148223,1.2709539191148223,1.2709539191148223,1.2709539191148223,1.2709539191148223,1.2709539191148223,216,0.0,0.9999744728646551,4134,39180
217,95866,1,4123,9,1,1666,0,1666,1,0,0,1649,17,0,1,0.8136883103575907,True,0.0,0.0,0.0,0.0,0.0,0.0,0.0,0.0,0.0,217,0.0,1.0,4134,1666
218,95866,1,4125,7,1,1666,0,1666,1,0,0,1649,17,0,1,0.8762797188466361,True,0.0,0.0,0.0,0.0,0.0,0.0,0.0,0.0,0.0,218,0.0,1.0,4134,1666
219,95866,1,4125,7,1,1666,0,1666,1,0,0,1650,16,0,1,0.9388711273356816,True,0.0,0.0,0.0,0.0,0.0,0.0,0.0,0.0,0.0,219,0.0,1.0,4134,1666
220,95866,1,4126,6,1,1666,0,1666,1,0,0,1640,26,0,1,,True,0.0,0.0,0.0,0.0,0.0,0.0,0.0,0.0,0.0,220,0.0,1.0,4134,1666
