,p,sep1,sep2,sep3,sep4,sep5,sep6,sep7,sep8,sep9,sep10,sep15,sep20,sep25,sep30,sed1,sed2,sed3,sed4,sed5,sed6,sed7,sed8,sed9,sed10,sed15,sed20,sed25,sed30
0,0.0005,0.38,0.38,0.38,0.38,0.38,0.38,0.38,0.38,0.38,0.38,0.38,0.38,0.3673469387755102,0.36,0.38,0.38,0.38,0.38,0.38,0.38,0.38,0.38,0.38,0.38,0.38,0.38,0.38,0.36
1,0.00056,0.625,0.625,0.6071428571428571,0.6071428571428571,0.5714285714285714,0.5714285714285714,0.5714285714285714,0.5714285714285714,0.5714285714285714,0.5714285714285714,0.5714285714285714,0.5714285714285714,0.5714285714285714,0.5357142857142857,0.625,0.625,0.6071428571428571,0.6071428571428571,0.5714285714285714,0.5714285714285714,0.5714285714285714,0.5714285714285714,0.5714285714285714,0.5714285714285714,0.5714285714285714,0.5714285714285714,0.5714285714285714,0.5357142857142857
2,0.0006200062000620006,0.7741935483870968,0.7419354838709677,0.7419354838709677,0.7419354838709677,0.7258064516129032,0.7096774193548387,0.7096774193548387,0.7096774193548387,0.7096774193548387,0.6935483870967742,0.6935483870967742,0.6935483870967742,0.6935483870967742,0.6935483870967742,0.7741935483870968,0.7419354838709677,0.7419354838709677,0.7419354838709677,0.7258064516129032,0.7096774193548387,0.7096774193548387,0.7096774193548387,0.7096774193548387,0.6935483870967742,0.6935483870967742,0.6935483870967742,0.6935483870967742,0.6935483870967742
3,0.0006500325016250812,0.8307692307692308,0.7846153846153846,0.7846153846153846,0.7846153846153846,0.7846153846153846,0.7846153846153846,0.7846153846153846,0.78125,0.7692307692307693,0.78125,0.78125,0.7384615384615385,0.7384615384615385,0.7384615384615385,0.8307692307692308,0.7846153846153846,0.7846153846153846,0.7846153846153846,0.7846153846153846,0.7846153846153846,0.7846153846153846,0.7846153846153846,0.7692307692307693,0.7692307692307693,0.7692307692307693,0.7384615384615385,0.7384615384615385,0.7384615384615385
4,0.0007100497034792435,0.8309859154929577,0.8309859154929577,0.8309859154929577,0.8309859154929577,0.8309859154929577,0.8028169014084507,0.8028169014084507,0.8028169014084507,0.8028169014084507,0.7887323943661971,0.782608695652174,0.7605633802816901,0.7647058823529411,0.782608695652174,0.8309859154929577,0.8309859154929577,0.8309859154929577,0.8309859154929577,0.8309859154929577,0.8028169014084507,0.8028169014084507,0.8028169014084507,0.8028169014084507,0.7887323943661971,0.7746478873239436,0.7605633802816901,0.7605633802816901,0.7746478873239436
5,0.0007700770077007701,0.8051948051948052,0.7922077922077922,0.7792207792207793,0.7532467532467533,0.7532467532467533,0.7402597402597403,0.7368421052631579,0.7368421052631579,0.7402597402597403,0.7402597402597403,0.7402597402597403,0.7368421052631579,0.7272727272727273,0.7272727272727273,0.8051948051948052,0.7922077922077922,0.7792207792207793,0.7532467532467533,0.7532467532467533,0.7402597402597403,0.7402597402597403,0.7402597402597403,0.7402597402597403,0.7402597402597403,0.7402597402597403,0.7272727272727273,0.7272727272727273,0.7272727272727273
6,0.0008101215182277342,0.8024691358024691,0.7530864197530864,0.7407407407407407,0.7407407407407407,0.7407407407407407,0.75,0.7283950617283951,0.7283950617283951,0.7283950617283951,0.7283950617283951,0.7341772151898734,0.7160493827160493,0.7160493827160493,0.6835443037974683,0.8024691358024691,0.7530864197530864,0.7407407407407407,0.7407407407407407,0.7407407407407407,0.7407407407407407,0.7283950617283951,0.7283950617283951,0.7283950617283951,0.7283950617283951,0.7407407407407407,0.7160493827160493,0.7160493827160493,0.691358024691358
7,0.000880158428517133,0.7840909090909091,0.7840909090909091,0.7727272727272727,0.7727272727272727,0.7727272727272727,0.7727272727272727,0.7727272727272727,0.7727272727272727,0.7674418604651163,0.7816091954022989,0.7613636363636364,0.7241379310344828,0.6818181818181818,0.6704545454545454,0.7840909090909091,0.7840909090909091,0.7727272727272727,0.7727272727272727,0.7727272727272727,0.7727272727272727,0.7727272727272727,0.7727272727272727,0.7727272727272727,0.7727272727272727,0.7613636363636364,0.7272727272727273,0.6818181818181818,0.6704545454545454
8,0.0009602016423448924,0.8020833333333334,0.8020833333333334,0.8020833333333334,0.78125,0.78125,0.7578947368421053,0.75,0.7291666666666666,0.7263157894736842,0.7157894736842105,0.6875,0.6875,0.6914893617021277,0.7021276595744681,0.8020833333333334,0.8020833333333334,0.8020833333333334,0.78125,0.78125,0.7604166666666666,0.75,0.7291666666666666,0.7291666666666666,0.71875,0.6875,0.6875,0.6875,0.6875
9,0.0010502520604945187,0.7714285714285715,0.7523809523809524,0.7142857142857143,0.6952380952380952,0.6857142857142857,0.6666666666666666,0.6476190476190476,0.6476190476190476,0.6538461538461539,0.6442307692307693,0.6019417475728155,0.5980392156862745,0.5865384615384616,0.580952380952381,0.7714285714285715,0.7523809523809524,0.7142857142857143,0.6952380952380952,0.6857142857142857,0.6666666666666666,0.6476190476190476,0.6476190476190476,0.6476190476190476,0.638095238095238,0.6,0.6,0.5904761904761905,0.580952380952381
10,0.0011702925731432857,0.717948717948718,0.7068965517241379,0.6837606837606838,0.6752136752136753,0.6666666666666666,0.6666666666666666,0.6581196581196581,0.6495726495726496,0.6551724137931034,0.6495726495726496,0.6239316239316239,0.6153846153846154,0.5811965811965812,0.5739130434782609,0.717948717948718,0.7008547008547008,0.6837606837606838,0.6752136752136753,0.6666666666666666,0.6666666666666666,0.6581196581196581,0.6495726495726496,0.6495726495726496,0.6495726495726496,0.6239316239316239,0.6153846153846154,0.5811965811965812,0.5811965811965812
11,0.0012803585003801064,0.6953125,0.6875,0.65625,0.640625,0.609375,0.59375,0.5905511811023622,0.59375,0.5873015873015873,0.578125,0.5669291338582677,0.52,0.5158730158730159,0.5118110236220472,0.6953125,0.6875,0.65625,0.640625,0.609375,0.59375,0.59375,0.59375,0.59375,0.578125,0.5625,0.5234375,0.515625,0.515625
12,0.0014104231269380814,0.723404255319149,0.6808510638297872,0.6666666666666666,0.6571428571428571,0.6428571428571429,0.6187050359712231,0.5957446808510638,0.5957446808510638,0.6,0.5912408759124088,0.5785714285714286,0.5785714285714286,0.5652173913043478,0.5362318840579711,0.723404255319149,0.6808510638297872,0.6666666666666666,0.6524822695035462,0.6382978723404256,0.6170212765957447,0.5957446808510638,0.5957446808510638,0.5957446808510638,0.5886524822695035,0.574468085106383,0.5815602836879432,0.5602836879432624,0.5319148936170213
13,0.0015205169757717624,0.6842105263157895,0.6447368421052632,0.625,0.6118421052631579,0.6026490066225165,0.5986842105263158,0.6026490066225165,0.5986842105263158,0.5960264900662252,0.5986842105263158,0.5503355704697986,0.5369127516778524,0.5364238410596026,0.5302013422818792,0.6842105263157895,0.6447368421052632,0.625,0.6118421052631579,0.5986842105263158,0.5986842105263158,0.5986842105263158,0.5986842105263158,0.5986842105263158,0.5986842105263158,0.5526315789473685,0.5394736842105263,0.5328947368421053,0.5197368421052632
14,0.001630603323229595,0.6625766871165644,0.6419753086419753,0.6319018404907976,0.6296296296296297,0.6086956521739131,0.6012269938650306,0.5828220858895705,0.5766871165644172,0.575,0.5679012345679012,0.5460122699386503,0.5403726708074534,0.5375,0.5379746835443038,0.6625766871165644,0.6441717791411042,0.6319018404907976,0.6319018404907976,0.6073619631901841,0.6012269938650306,0.5828220858895705,0.5766871165644172,0.5766871165644172,0.5705521472392638,0.5460122699386503,0.5398773006134969,0.5398773006134969,0.5276073619631901
15,0.0017607395105944496,0.6761363636363636,0.6534090909090909,0.6306818181818182,0.5909090909090909,0.5795454545454546,0.5738636363636364,0.5681818181818182,0.5657142857142857,0.5657142857142857,0.5568181818181818,0.5402298850574713,0.5287356321839081,0.5321637426900585,0.5058139534883721,0.6761363636363636,0.6534090909090909,0.6306818181818182,0.5909090909090909,0.5795454545454546,0.5738636363636364,0.5681818181818182,0.5681818181818182,0.5681818181818182,0.5568181818181818,0.5454545454545454,0.5284090909090909,0.5170454545454546,0.5
16,0.0019008363680019208,0.6578947368421053,0.6276595744680851,0.6052631578947368,0.6,0.5947368421052631,0.5894736842105263,0.582010582010582,0.5721925133689839,0.574468085106383,0.5585106382978723,0.5459459459459459,0.5459459459459459,0.5376344086021505,0.5217391304347826,0.6578947368421053,0.6210526315789474,0.6052631578947368,0.6,0.5947368421052631,0.5894736842105263,0.5789473684210527,0.5736842105263158,0.5684210526315789,0.5631578947368421,0.5473684210526316,0.5368421052631579,0.5368421052631579,0.5157894736842106
17,0.0020308935931809997,0.6305418719211823,0.6108374384236454,0.6019900497512438,0.5862068965517241,0.5665024630541872,0.5643564356435643,0.5594059405940595,0.5621890547263682,0.5577889447236181,0.5445544554455446,0.52,0.504950495049505,0.5099009900990099,0.5154639175257731,0.6305418719211823,0.6108374384236454,0.5960591133004927,0.5862068965517241,0.5665024630541872,0.5615763546798029,0.5566502463054187,0.5566502463054187,0.5467980295566502,0.541871921182266,0.5123152709359606,0.5073891625615764,0.5073891625615764,0.5073891625615764
18,0.0022310039517783003,0.6591928251121076,0.6278026905829597,0.6036036036036037,0.5900900900900901,0.5739910313901345,0.5753424657534246,0.5636363636363636,0.5540540540540541,0.5454545454545454,0.5525114155251142,0.5429864253393665,0.5342465753424658,0.5231481481481481,0.5069767441860465,0.6591928251121076,0.6278026905829597,0.6053811659192825,0.5919282511210763,0.5739910313901345,0.5739910313901345,0.5605381165919282,0.5515695067264574,0.547085201793722,0.5515695067264574,0.5426008968609866,0.5336322869955157,0.5246636771300448,0.5022421524663677
19,0.002461181367056187,0.6666666666666666,0.6463414634146342,0.6326530612244898,0.6285714285714286,0.6270491803278688,0.6270491803278688,0.610655737704918,0.5934959349593496,0.5901639344262295,0.5819672131147541,0.5720164609053497,0.5732217573221757,0.5462184873949579,0.5443037974683544,0.6666666666666666,0.6463414634146342,0.6300813008130082,0.6300813008130082,0.6219512195121951,0.6219512195121951,0.6056910569105691,0.5934959349593496,0.5853658536585366,0.5772357723577236,0.573170731707317,0.5609756097560976,0.540650406504065,0.540650406504065
20,0.002471779681370587,0.6194331983805668,0.5975609756097561,0.5772357723577236,0.573170731707317,0.5609756097560976,0.5587044534412956,0.5637860082304527,0.5510204081632653,0.5560165975103735,0.540650406504065,0.5247933884297521,0.5358649789029536,0.5165289256198347,0.5210084033613446,0.6194331983805668,0.5951417004048583,0.5748987854251012,0.5708502024291497,0.562753036437247,0.5587044534412956,0.5546558704453441,0.5506072874493927,0.5465587044534413,0.5384615384615384,0.5263157894736842,0.5222672064777328,0.5141700404858299,0.5182186234817814
21,0.0024523788074432198,0.6163265306122448,0.5959183673469388,0.5761316872427984,0.5720164609053497,0.569672131147541,0.563265306122449,0.5573770491803278,0.5510204081632653,0.5477178423236515,0.5413223140495868,0.5311203319502075,0.5289256198347108,0.5232067510548524,0.5170940170940171,0.6163265306122448,0.5959183673469388,0.5755102040816327,0.5673469387755102,0.5673469387755102,0.563265306122449,0.5551020408163265,0.5510204081632653,0.5469387755102041,0.5428571428571428,0.5265306122448979,0.5265306122448979,0.5224489795918368,0.5224489795918368
22,0.002442882601469734,0.5901639344262295,0.569672131147541,0.5601659751037344,0.5637860082304527,0.5477178423236515,0.5495867768595041,0.5413223140495868,0.5432098765432098,0.5435684647302904,0.5413223140495868,0.5204918032786885,0.5083333333333333,0.5210084033613446,0.5106382978723404,0.5901639344262295,0.569672131147541,0.5655737704918032,0.5614754098360656,0.5491803278688525,0.5450819672131147,0.5409836065573771,0.5409836065573771,0.5409836065573771,0.5368852459016393,0.5204918032786885,0.5081967213114754,0.5081967213114754,0.5081967213114754
23,0.002373441490160733,0.6075949367088608,0.5991561181434599,0.5907172995780591,0.5811965811965812,0.5805084745762712,0.5738396624472574,0.5683760683760684,0.574468085106383,0.569620253164557,0.5726495726495726,0.5555555555555556,0.5462555066079295,0.5502183406113537,0.5535714285714286,0.6075949367088608,0.5991561181434599,0.5907172995780591,0.5822784810126582,0.5822784810126582,0.5738396624472574,0.569620253164557,0.569620253164557,0.569620253164557,0.5654008438818565,0.5485232067510548,0.5443037974683544,0.540084388185654,0.5443037974683544
24,0.0024438857783876363,0.6311475409836066,0.6229508196721312,0.6033057851239669,0.6041666666666666,0.5950413223140496,0.5819672131147541,0.5843621399176955,0.5637860082304527,0.5596707818930041,0.5596707818930041,0.5564853556485355,0.55,0.5481171548117155,0.5574468085106383,0.6311475409836066,0.6229508196721312,0.6024590163934426,0.5983606557377049,0.5942622950819673,0.5819672131147541,0.5819672131147541,0.5655737704918032,0.5614754098360656,0.5614754098360656,0.5532786885245902,0.5532786885245902,0.5491803278688525,0.5450819672131147
25,0.002454368776422031,0.636734693877551,0.6285714285714286,0.6285714285714286,0.6244897959183674,0.6188524590163934,0.6024590163934426,0.6065573770491803,0.6083333333333333,0.6,0.5959183673469388,0.5958333333333333,0.5909090909090909,0.5875,0.5798319327731093,0.636734693877551,0.6285714285714286,0.6285714285714286,0.6244897959183674,0.6163265306122448,0.6040816326530613,0.6040816326530613,0.6040816326530613,0.5959183673469388,0.5959183673469388,0.5877551020408164,0.5836734693877551,0.5755102040816327,0.5714285714285714
26,0.002404857812781819,0.6916666666666667,0.675,0.6638655462184874,0.6569037656903766,0.65,0.6497890295358649,0.6375,0.6386554621848739,0.6291666666666667,0.6313559322033898,0.620253164556962,0.6085106382978723,0.6061946902654868,0.6069868995633187,0.6916666666666667,0.675,0.6666666666666666,0.6541666666666667,0.65,0.6458333333333334,0.6375,0.6333333333333333,0.6291666666666667,0.625,0.6125,0.6083333333333333,0.6125,0.6
27,0.0023653930962594717,0.690677966101695,0.673728813559322,0.6694915254237288,0.6652542372881356,0.6680851063829787,0.6581196581196581,0.6623931623931624,0.6523605150214592,0.6425531914893617,0.6425531914893617,0.6293103448275862,0.625,0.6140350877192983,0.6173913043478261,0.690677966101695,0.673728813559322,0.6694915254237288,0.6652542372881356,0.6652542372881356,0.6610169491525424,0.6567796610169492,0.6483050847457628,0.6440677966101694,0.6440677966101694,0.6186440677966102,0.6186440677966102,0.614406779661017,0.614406779661017
28,0.0022356786237042086,0.7085201793721974,0.6860986547085202,0.6816143497757847,0.672645739910314,0.6561085972850679,0.6636363636363637,0.6529680365296804,0.6515837104072398,0.6575342465753424,0.6470588235294118,0.6210045662100456,0.6164383561643836,0.6100917431192661,0.6082949308755761,0.7085201793721974,0.6860986547085202,0.6816143497757847,0.672645739910314,0.6591928251121076,0.6547085201793722,0.6547085201793722,0.6502242152466368,0.6502242152466368,0.6457399103139013,0.6233183856502242,0.6188340807174888,0.6098654708520179,0.6143497757847534
29,0.0022559104854719364,0.7066666666666667,0.68,0.6741071428571429,0.6711111111111111,0.6607142857142857,0.6576576576576577,0.6607142857142857,0.6533333333333333,0.6486486486486487,0.65,0.6502242152466368,0.6497695852534562,0.6462264150943396,0.6334841628959276,0.7066666666666667,0.68,0.6711111111111111,0.6711111111111111,0.6577777777777778,0.6577777777777778,0.6577777777777778,0.6533333333333333,0.6488888888888888,0.6488888888888888,0.6488888888888888,0.6444444444444445,0.6355555555555555,0.6311111111111111
30,0.0021861649852584287,0.6788990825688074,0.6728110599078341,0.6651376146788991,0.6605504587155964,0.6605504587155964,0.6620370370370371,0.6589861751152074,0.6559633027522935,0.6589861751152074,0.6497695852534562,0.631336405529954,0.6261682242990654,0.6150234741784038,0.6244131455399061,0.6788990825688074,0.6697247706422018,0.6651376146788991,0.6605504587155964,0.6605504587155964,0.6559633027522935,0.6559633027522935,0.6559633027522935,0.6559633027522935,0.6513761467889908,0.6330275229357798,0.6284403669724771,0.6192660550458715,0.6146788990825688
31,0.002146417789189677,0.6822429906542056,0.6745283018867925,0.6495327102803738,0.647887323943662,0.6448598130841121,0.6384976525821596,0.6384976525821596,0.6462264150943396,0.6291079812206573,0.6273584905660378,0.6097560975609756,0.5933014354066986,0.589622641509434,0.5801886792452831,0.6822429906542056,0.6682242990654206,0.6495327102803738,0.6495327102803738,0.6448598130841121,0.6401869158878505,0.6401869158878505,0.6401869158878505,0.6308411214953271,0.6308411214953271,0.5981308411214953,0.5934579439252337,0.5887850467289719,0.5747663551401869
32,0.0020966463689896975,0.69377990430622,0.6889952153110048,0.6794258373205742,0.6650717703349283,0.6682692307692307,0.6602870813397129,0.6538461538461539,0.6442307692307693,0.6346153846153846,0.6328502415458938,0.6105769230769231,0.5951219512195122,0.6039603960396039,0.5942028985507246,0.69377990430622,0.6889952153110048,0.6794258373205742,0.6650717703349283,0.6650717703349283,0.6602870813397129,0.6507177033492823,0.6411483253588517,0.6363636363636364,0.6267942583732058,0.6124401913875598,0.5933014354066986,0.5933014354066986,0.5885167464114832
33,0.0020267694098288283,0.698019801980198,0.6782178217821783,0.6733668341708543,0.6534653465346535,0.6517412935323383,0.6467661691542289,0.6485148514851485,0.6517412935323383,0.6467661691542289,0.6467661691542289,0.6331658291457286,0.6345177664974619,0.6212121212121212,0.6185567010309279,0.698019801980198,0.6782178217821783,0.6683168316831684,0.6534653465346535,0.6534653465346535,0.6485148514851485,0.6485148514851485,0.6485148514851485,0.6485148514851485,0.6435643564356436,0.6287128712871287,0.6287128712871287,0.6237623762376238,0.6188118811881188
34,0.0020770620108368455,0.7294685990338164,0.6956521739130435,0.6990291262135923,0.6956521739130435,0.6941747572815534,0.6844660194174758,0.6844660194174758,0.6747572815533981,0.6747572815533981,0.6747572815533981,0.6748768472906403,0.6600985221674877,0.6517412935323383,0.6568627450980392,0.7294685990338164,0.6956521739130435,0.7004830917874396,0.6956521739130435,0.6908212560386473,0.6859903381642513,0.6859903381642513,0.6763285024154589,0.6714975845410628,0.6714975845410628,0.6666666666666666,0.6570048309178744,0.6521739130434783,0.6521739130434783
35,0.002087200842908033,0.7451923076923077,0.7259615384615384,0.7211538461538461,0.7198067632850241,0.7163461538461539,0.7198067632850241,0.7219512195121951,0.7170731707317073,0.7156862745098039,0.7019230769230769,0.6896551724137931,0.6847290640394089,0.6716417910447762,0.6600985221674877,0.7451923076923077,0.7259615384615384,0.7211538461538461,0.7211538461538461,0.7163461538461539,0.7163461538461539,0.7163461538461539,0.7115384615384616,0.7067307692307693,0.7019230769230769,0.6875,0.6826923076923077,0.6778846153846154,0.6634615384615384
36,0.0021675430498133506,0.7175925925925926,0.7083333333333334,0.6944444444444444,0.6883720930232559,0.6869158878504673,0.6822429906542056,0.6744186046511628,0.676056338028169,0.6713615023474179,0.6697674418604651,0.6666666666666666,0.6635514018691588,0.6525821596244131,0.6568627450980392,0.7175925925925926,0.7083333333333334,0.6944444444444444,0.6898148148148148,0.6851851851851852,0.6805555555555556,0.6759259259259259,0.6759259259259259,0.6666666666666666,0.6712962962962963,0.6666666666666666,0.6620370370370371,0.6527777777777778,0.6527777777777778
37,0.002107481559536354,0.7047619047619048,0.6904761904761905,0.6889952153110048,0.6761904761904762,0.6746411483253588,0.6714975845410628,0.6714285714285714,0.6602870813397129,0.6476190476190476,0.6476190476190476,0.6487804878048781,0.6298076923076923,0.6359223300970874,0.625,0.7047619047619048,0.6904761904761905,0.6857142857142857,0.6761904761904762,0.6761904761904762,0.6714285714285714,0.6714285714285714,0.6619047619047619,0.6476190476190476,0.6476190476190476,0.6333333333333333,0.6285714285714286,0.6285714285714286,0.6285714285714286
38,0.0020172621437173827,0.6716417910447762,0.6567164179104478,0.6417910447761194,0.6169154228855721,0.6080402010050251,0.605,0.6019900497512438,0.605,0.6051282051282051,0.592964824120603,0.5870646766169154,0.5829145728643216,0.5778894472361809,0.5670103092783505,0.6716417910447762,0.6567164179104478,0.6417910447761194,0.6169154228855721,0.6019900497512438,0.6019900497512438,0.6019900497512438,0.6069651741293532,0.5970149253731343,0.5870646766169154,0.5870646766169154,0.582089552238806,0.572139303482587,0.5621890547263682
39,0.002127595515992092,0.6981132075471698,0.6745283018867925,0.6650943396226415,0.660377358490566,0.6556603773584906,0.6492890995260664,0.6492890995260664,0.6428571428571429,0.6411483253588517,0.6456310679611651,0.6231884057971014,0.6231884057971014,0.6176470588235294,0.6029411764705882,0.6981132075471698,0.6745283018867925,0.6650943396226415,0.660377358490566,0.6556603773584906,0.6462264150943396,0.6462264150943396,0.6415094339622641,0.6367924528301887,0.6367924528301887,0.6179245283018868,0.6226415094339622,0.6037735849056604,0.5990566037735849
40,0.002117368442178782,0.7251184834123223,0.7061611374407583,0.7061611374407583,0.7033492822966507,0.6794258373205742,0.6698564593301436,0.6730769230769231,0.6714975845410628,0.6682464454976303,0.6650485436893204,0.6538461538461539,0.6490384615384616,0.6487804878048781,0.6421568627450981,0.7251184834123223,0.7061611374407583,0.7061611374407583,0.7014218009478673,0.6777251184834123,0.6729857819905213,0.6682464454976303,0.6682464454976303,0.6682464454976303,0.6587677725118484,0.6540284360189573,0.6492890995260664,0.6398104265402843,0.6350710900473934
41,0.0021473439161933815,0.719626168224299,0.6901408450704225,0.6682242990654206,0.6619718309859155,0.6525821596244131,0.647887323943662,0.6495327102803738,0.6495327102803738,0.6384976525821596,0.6303317535545023,0.6142857142857143,0.6124401913875598,0.6153846153846154,0.6066350710900474,0.719626168224299,0.6869158878504673,0.6682242990654206,0.6588785046728972,0.6542056074766355,0.6495327102803738,0.6495327102803738,0.6495327102803738,0.6401869158878505,0.6355140186915887,0.6214953271028038,0.6121495327102804,0.616822429906542,0.6074766355140186
42,0.0020873474630700066,0.6923076923076923,0.6763285024154589,0.6844660194174758,0.6682692307692307,0.6714975845410628,0.6618357487922706,0.6586538461538461,0.6570048309178744,0.6473429951690821,0.6439024390243903,0.6097560975609756,0.6019417475728155,0.6039603960396039,0.5891089108910891,0.6923076923076923,0.6778846153846154,0.6778846153846154,0.6682692307692307,0.6682692307692307,0.6634615384615384,0.6586538461538461,0.6586538461538461,0.6442307692307693,0.6442307692307693,0.6105769230769231,0.6009615384615384,0.5913461538461539,0.5913461538461539
43,0.001997069626477731,0.7035175879396985,0.6884422110552764,0.6818181818181818,0.6717171717171717,0.6598984771573604,0.6446700507614214,0.6205128205128205,0.6180904522613065,0.6224489795918368,0.6173469387755102,0.6142131979695431,0.6153846153846154,0.5939086294416244,0.6020408163265306,0.7035175879396985,0.6884422110552764,0.678391959798995,0.6733668341708543,0.6532663316582915,0.6482412060301508,0.6231155778894473,0.6180904522613065,0.6180904522613065,0.6180904522613065,0.6080402010050251,0.6080402010050251,0.5979899497487438,0.5979899497487438
44,0.0020770620108368455,0.714975845410628,0.6811594202898551,0.6796116504854369,0.6796116504854369,0.6763285024154589,0.6666666666666666,0.6570048309178744,0.6553398058252428,0.6585365853658537,0.6536585365853659,0.6359223300970874,0.6305418719211823,0.6318407960199005,0.63,0.714975845410628,0.6811594202898551,0.6811594202898551,0.6811594202898551,0.6763285024154589,0.6666666666666666,0.6570048309178744,0.6570048309178744,0.6570048309178744,0.6521739130434783,0.6328502415458938,0.6280193236714976,0.6231884057971014,0.6183574879227053
45,0.0020469802024904926,0.7009803921568627,0.6911764705882353,0.6862745098039216,0.6813725490196079,0.6650246305418719,0.6551724137931034,0.6551724137931034,0.6519607843137255,0.6502463054187192,0.6485148514851485,0.6262626262626263,0.6358974358974359,0.6169154228855721,0.6161616161616161,0.7009803921568627,0.6911764705882353,0.6862745098039216,0.6813725490196079,0.6617647058823529,0.6568627450980392,0.6568627450980392,0.6519607843137255,0.6519607843137255,0.6519607843137255,0.6323529411764706,0.6225490196078431,0.6176470588235294,0.6078431372549019
46,0.00199690930619945,0.678391959798995,0.6683417085427136,0.6633165829145728,0.6565656565656566,0.649746192893401,0.6363636363636364,0.6331658291457286,0.628140703517588,0.6313131313131313,0.6231155778894473,0.6205128205128205,0.6142131979695431,0.6030927835051546,0.5957446808510638,0.678391959798995,0.6683417085427136,0.6633165829145728,0.6582914572864321,0.6482412060301508,0.6381909547738693,0.6331658291457286,0.628140703517588,0.628140703517588,0.6231155778894473,0.6130653266331658,0.6080402010050251,0.6080402010050251,0.6080402010050251
47,0.0018265390096545632,0.6373626373626373,0.6043956043956044,0.5769230769230769,0.574585635359116,0.5659340659340659,0.5611111111111111,0.547486033519553,0.5555555555555556,0.5555555555555556,0.5494505494505495,0.5439560439560439,0.5388888888888889,0.5536723163841808,0.5277777777777778,0.6373626373626373,0.6043956043956044,0.5769230769230769,0.5714285714285714,0.5659340659340659,0.5604395604395604,0.554945054945055,0.5494505494505495,0.554945054945055,0.5494505494505495,0.5439560439560439,0.5384615384615384,0.5439560439560439,0.532967032967033
48,0.0016961910975058965,0.6153846153846154,0.6094674556213018,0.5892857142857143,0.5798816568047337,0.5798816568047337,0.5739644970414202,0.5739644970414202,0.5688622754491018,0.5773809523809523,0.5714285714285714,0.5508982035928144,0.5515151515151515,0.5508982035928144,0.5508982035928144,0.6153846153846154,0.6094674556213018,0.5857988165680473,0.5798816568047337,0.5798816568047337,0.5739644970414202,0.5739644970414202,0.5739644970414202,0.5739644970414202,0.5680473372781065,0.5443786982248521,0.5443786982248521,0.5443786982248521,0.5443786982248521
49,0.0016558949861506965,0.6787878787878788,0.6545454545454545,0.6585365853658537,0.6545454545454545,0.6402439024390244,0.6363636363636364,0.6341463414634146,0.6280487804878049,0.6303030303030303,0.6280487804878049,0.6280487804878049,0.6242424242424243,0.6273291925465838,0.6289308176100629,0.6787878787878788,0.6545454545454545,0.6545454545454545,0.6545454545454545,0.6363636363636364,0.6363636363636364,0.6363636363636364,0.6303030303030303,0.6303030303030303,0.6303030303030303,0.6303030303030303,0.6242424242424243,0.6242424242424243,0.6242424242424243
50,0.0016457436453221745,0.7012195121951219,0.6829268292682927,0.6829268292682927,0.691358024691358,0.6790123456790124,0.6748466257668712,0.676829268292683,0.6809815950920245,0.6748466257668712,0.6748466257668712,0.6790123456790124,0.6708860759493671,0.6477987421383647,0.6560509554140127,0.7012195121951219,0.6829268292682927,0.6829268292682927,0.6890243902439024,0.676829268292683,0.676829268292683,0.676829268292683,0.676829268292683,0.676829268292683,0.6707317073170732,0.6707317073170732,0.6646341463414634,0.6524390243902439,0.6524390243902439
51,0.0016656298288214163,0.6987951807228916,0.6927710843373494,0.6848484848484848,0.6746987951807228,0.6666666666666666,0.6626506024096386,0.6524390243902439,0.6463414634146342,0.6484848484848484,0.6385542168674698,0.6521739130434783,0.6204819277108434,0.6204819277108434,0.6172839506172839,0.6987951807228916,0.6927710843373494,0.6807228915662651,0.6746987951807228,0.6686746987951807,0.6626506024096386,0.6566265060240963,0.6445783132530121,0.6445783132530121,0.6385542168674698,0.6445783132530121,0.6204819277108434,0.6204819277108434,0.6265060240963856
52,0.0015552723733456416,0.7225806451612903,0.7096774193548387,0.7096774193548387,0.6903225806451613,0.6774193548387096,0.6774193548387096,0.6862745098039216,0.6666666666666666,0.6797385620915033,0.6753246753246753,0.6709677419354839,0.673202614379085,0.6710526315789473,0.6688741721854304,0.7225806451612903,0.7096774193548387,0.7096774193548387,0.6903225806451613,0.6774193548387096,0.6774193548387096,0.6838709677419355,0.6709677419354839,0.6709677419354839,0.6774193548387096,0.6709677419354839,0.6709677419354839,0.6645161290322581,0.6645161290322581
53,0.0015050569914914112,0.72,0.7066666666666667,0.7066666666666667,0.7066666666666667,0.7,0.7,0.7046979865771812,0.7006802721088435,0.6912751677852349,0.6845637583892618,0.6778523489932886,0.678082191780822,0.668918918918919,0.6666666666666666,0.72,0.7066666666666667,0.7066666666666667,0.7066666666666667,0.7,0.7,0.7,0.6933333333333334,0.6866666666666666,0.68,0.68,0.6666666666666666,0.6666666666666666,0.6666666666666666
54,0.0015251397208592959,0.7171052631578947,0.7171052631578947,0.7105263157894737,0.7105263157894737,0.7019867549668874,0.7019867549668874,0.695364238410596,0.6866666666666666,0.6776315789473685,0.6821192052980133,0.6556291390728477,0.6533333333333333,0.6466666666666666,0.6486486486486487,0.7171052631578947,0.7171052631578947,0.7105263157894737,0.7105263157894737,0.7039473684210527,0.6973684210526315,0.6907894736842105,0.6776315789473685,0.6776315789473685,0.6776315789473685,0.6578947368421053,0.6447368421052632,0.6381578947368421,0.6447368421052632
55,0.0014349793784431979,0.7132867132867133,0.6853146853146853,0.6783216783216783,0.6573426573426573,0.6549295774647887,0.6549295774647887,0.6453900709219859,0.647887323943662,0.6312056737588653,0.624113475177305,0.6153846153846154,0.6083916083916084,0.6142857142857143,0.5845070422535211,0.7132867132867133,0.6853146853146853,0.6783216783216783,0.6573426573426573,0.6503496503496503,0.6573426573426573,0.6433566433566433,0.6433566433566433,0.6293706293706294,0.6293706293706294,0.6153846153846154,0.6083916083916084,0.6083916083916084,0.5804195804195804
56,0.001334604385128694,0.6917293233082706,0.6766917293233082,0.6616541353383458,0.6541353383458647,0.6390977443609023,0.6439393939393939,0.6390977443609023,0.6390977443609023,0.631578947368421,0.6287878787878788,0.631578947368421,0.6183206106870229,0.6015037593984962,0.6201550387596899,0.6917293233082706,0.6766917293233082,0.6616541353383458,0.6541353383458647,0.6390977443609023,0.6390977443609023,0.6390977443609023,0.6390977443609023,0.631578947368421,0.631578947368421,0.631578947368421,0.6090225563909775,0.6015037593984962,0.6090225563909775
57,0.0013546192516481201,0.6888888888888889,0.664179104477612,0.6592592592592592,0.6592592592592592,0.6567164179104478,0.6444444444444445,0.6444444444444445,0.6417910447761194,0.6466165413533834,0.6370370370370371,0.6222222222222222,0.6240601503759399,0.6363636363636364,0.6136363636363636,0.6888888888888889,0.6592592592592592,0.6592592592592592,0.6592592592592592,0.6592592592592592,0.6444444444444445,0.6444444444444445,0.6444444444444445,0.6444444444444445,0.6370370370370371,0.6222222222222222,0.6222222222222222,0.6222222222222222,0.6148148148148148
58,0.0013143900628097846,0.7175572519083969,0.6946564885496184,0.6870229007633588,0.6793893129770993,0.6717557251908397,0.6615384615384615,0.6564885496183206,0.6511627906976745,0.6615384615384615,0.648854961832061,0.6412213740458015,0.6412213740458015,0.6384615384615384,0.6335877862595419,0.7175572519083969,0.6946564885496184,0.6870229007633588,0.6793893129770993,0.6717557251908397,0.6564885496183206,0.6564885496183206,0.6564885496183206,0.6564885496183206,0.648854961832061,0.6412213740458015,0.6412213740458015,0.6412213740458015,0.6335877862595419
59,0.0012741665245352301,0.6850393700787402,0.6771653543307087,0.6746031746031746,0.6614173228346457,0.6614173228346457,0.6614173228346457,0.6666666666666666,0.6614173228346457,0.6587301587301587,0.6666666666666666,0.6428571428571429,0.6428571428571429,0.648,0.6299212598425197,0.6850393700787402,0.6771653543307087,0.6692913385826772,0.6614173228346457,0.6614173228346457,0.6614173228346457,0.6614173228346457,0.6614173228346457,0.6614173228346457,0.6614173228346457,0.6456692913385826,0.6377952755905512,0.6377952755905512,0.6299212598425197
60,0.0012239779282668672,0.6557377049180327,0.6475409836065574,0.6229508196721312,0.6229508196721312,0.6147540983606558,0.6198347107438017,0.6198347107438017,0.6198347107438017,0.6147540983606558,0.6147540983606558,0.6033057851239669,0.5882352941176471,0.5702479338842975,0.5702479338842975,0.6557377049180327,0.6475409836065574,0.6229508196721312,0.6229508196721312,0.6147540983606558,0.6147540983606558,0.6147540983606558,0.6147540983606558,0.6147540983606558,0.6147540983606558,0.5983606557377049,0.5737704918032787,0.5737704918032787,0.5737704918032787
61,0.0011837762462254592,0.652542372881356,0.635593220338983,0.635593220338983,0.6410256410256411,0.6101694915254238,0.603448275862069,0.6068376068376068,0.6016949152542372,0.5982905982905983,0.5847457627118644,0.5847457627118644,0.5862068965517241,0.5726495726495726,0.5677966101694916,0.652542372881356,0.635593220338983,0.635593220338983,0.635593220338983,0.6101694915254238,0.6101694915254238,0.6016949152542372,0.6016949152542372,0.6016949152542372,0.5847457627118644,0.5847457627118644,0.576271186440678,0.5677966101694916,0.5677966101694916
62,0.0011836337556297835,0.6779661016949152,0.652542372881356,0.6440677966101694,0.635593220338983,0.635593220338983,0.6410256410256411,0.635593220338983,0.635593220338983,0.6271186440677966,0.6271186440677966,0.6271186440677966,0.6068376068376068,0.6068376068376068,0.6153846153846154,0.6779661016949152,0.652542372881356,0.6440677966101694,0.635593220338983,0.635593220338983,0.635593220338983,0.635593220338983,0.635593220338983,0.6271186440677966,0.6271186440677966,0.6271186440677966,0.6101694915254238,0.6101694915254238,0.6101694915254238
63,0.001103365264055369,0.6909090909090909,0.6727272727272727,0.6727272727272727,0.6545454545454545,0.6454545454545455,0.6454545454545455,0.6454545454545455,0.6422018348623854,0.6454545454545455,0.6272727272727273,0.6,0.5909090909090909,0.5596330275229358,0.5740740740740741,0.6909090909090909,0.6727272727272727,0.6727272727272727,0.6545454545454545,0.6454545454545455,0.6454545454545455,0.6454545454545455,0.6454545454545455,0.6454545454545455,0.6272727272727273,0.6,0.5909090909090909,0.5636363636363636,0.5636363636363636
64,0.0010330682125913964,0.7184466019417476,0.6990291262135923,0.6699029126213593,0.6699029126213593,0.6504854368932039,0.6407766990291263,0.6213592233009708,0.6116504854368932,0.6116504854368932,0.6116504854368932,0.6019417475728155,0.6078431372549019,0.5980392156862745,0.6019417475728155,0.7184466019417476,0.6990291262135923,0.6699029126213593,0.6699029126213593,0.6504854368932039,0.6407766990291263,0.6213592233009708,0.6116504854368932,0.6116504854368932,0.6116504854368932,0.6019417475728155,0.6019417475728155,0.6019417475728155,0.6019417475728155
65,0.0010129172015404364,0.6534653465346535,0.6336633663366337,0.6336633663366337,0.6336633663366337,0.6336633663366337,0.6336633663366337,0.6237623762376238,0.6237623762376238,0.6237623762376238,0.6237623762376238,0.6161616161616161,0.6039603960396039,0.6039603960396039,0.6224489795918368,0.6534653465346535,0.6336633663366337,0.6336633663366337,0.6336633663366337,0.6336633663366337,0.6336633663366337,0.6237623762376238,0.6237623762376238,0.6237623762376238,0.6237623762376238,0.6138613861386139,0.6039603960396039,0.6039603960396039,0.6138613861386139
66,0.0009926802366389252,0.7373737373737373,0.7373737373737373,0.7171717171717171,0.6938775510204082,0.696969696969697,0.6938775510204082,0.6868686868686869,0.6767676767676768,0.6767676767676768,0.6767676767676768,0.673469387755102,0.6428571428571429,0.6391752577319587,0.6224489795918368,0.7373737373737373,0.7373737373737373,0.7171717171717171,0.696969696969697,0.696969696969697,0.696969696969697,0.6868686868686869,0.6767676767676768,0.6767676767676768,0.6767676767676768,0.6767676767676768,0.6464646464646465,0.6363636363636364,0.6262626262626263
67,0.0009725090734093963,0.7010309278350515,0.6907216494845361,0.6907216494845361,0.6804123711340206,0.6804123711340206,0.6804123711340206,0.6804123711340206,0.6770833333333334,0.6701030927835051,0.6666666666666666,0.6494845360824743,0.6458333333333334,0.6494845360824743,0.625,0.7010309278350515,0.6907216494845361,0.6907216494845361,0.6804123711340206,0.6804123711340206,0.6804123711340206,0.6804123711340206,0.6804123711340206,0.6701030927835051,0.6597938144329897,0.6494845360824743,0.6494845360824743,0.6494845360824743,0.6288659793814433
68,0.0009624156633149205,0.6666666666666666,0.65625,0.6354166666666666,0.625,0.625,0.6145833333333334,0.6145833333333334,0.6145833333333334,0.6145833333333334,0.6145833333333334,0.5894736842105263,0.5684210526315789,0.5625,0.5684210526315789,0.6666666666666666,0.65625,0.6354166666666666,0.625,0.625,0.6145833333333334,0.6145833333333334,0.6145833333333334,0.6145833333333334,0.6145833333333334,0.5833333333333334,0.5729166666666666,0.5625,0.5625
69,0.0009422330924290568,0.7021276595744681,0.6808510638297872,0.6595744680851063,0.6595744680851063,0.6595744680851063,0.648936170212766,0.6382978723404256,0.6276595744680851,0.6129032258064516,0.6063829787234043,0.5851063829787234,0.5591397849462365,0.5591397849462365,0.5268817204301075,0.7021276595744681,0.6808510638297872,0.6595744680851063,0.6595744680851063,0.6595744680851063,0.648936170212766,0.6382978723404256,0.6276595744680851,0.6063829787234043,0.6063829787234043,0.5851063829787234,0.5638297872340425,0.5638297872340425,0.5319148936170213
70,0.0008920606601248885,0.6741573033707865,0.6741573033707865,0.6741573033707865,0.6292134831460674,0.6067415730337079,0.6067415730337079,0.6067415730337079,0.6022727272727273,0.6067415730337079,0.5909090909090909,0.5842696629213483,0.5568181818181818,0.550561797752809,0.5454545454545454,0.6741573033707865,0.6741573033707865,0.6741573033707865,0.6292134831460674,0.6067415730337079,0.6067415730337079,0.6067415730337079,0.6067415730337079,0.6067415730337079,0.5955056179775281,0.5842696629213483,0.550561797752809,0.550561797752809,0.5393258426966292
71,0.0009019843656043296,0.6444444444444445,0.6333333333333333,0.6222222222222222,0.6222222222222222,0.6,0.6,0.5955056179775281,0.5777777777777777,0.5777777777777777,0.5777777777777777,0.5444444444444444,0.550561797752809,0.5333333333333333,0.5056179775280899,0.6444444444444445,0.6333333333333333,0.6222222222222222,0.6222222222222222,0.6,0.6,0.5888888888888889,0.5777777777777777,0.5777777777777777,0.5777777777777777,0.5444444444444444,0.5444444444444444,0.5333333333333333,0.5111111111111111
72,0.00082181621383257,0.573170731707317,0.5365853658536586,0.524390243902439,0.524390243902439,0.5121951219512195,0.5185185185185185,0.5,0.5,0.4878048780487805,0.4878048780487805,0.4878048780487805,0.49382716049382713,0.49382716049382713,0.4878048780487805,0.573170731707317,0.5365853658536586,0.524390243902439,0.524390243902439,0.5121951219512195,0.5121951219512195,0.5,0.5,0.4878048780487805,0.4878048780487805,0.4878048780487805,0.4878048780487805,0.4878048780487805,0.4878048780487805
73,0.0008416833667334669,0.6071428571428571,0.5595238095238095,0.5595238095238095,0.5357142857142857,0.5357142857142857,0.5357142857142857,0.5238095238095238,0.5238095238095238,0.5180722891566265,0.5119047619047619,0.5119047619047619,0.5,0.524390243902439,0.5,0.6071428571428571,0.5595238095238095,0.5595238095238095,0.5357142857142857,0.5357142857142857,0.5357142857142857,0.5238095238095238,0.5238095238095238,0.5119047619047619,0.5119047619047619,0.5119047619047619,0.5119047619047619,0.5238095238095238,0.5
74,0.0008616457433698364,0.6511627906976745,0.6046511627906976,0.6046511627906976,0.5930232558139535,0.5813953488372093,0.5813953488372093,0.5882352941176471,0.5833333333333334,0.5813953488372093,0.5882352941176471,0.5595238095238095,0.5581395348837209,0.5714285714285714,0.5529411764705883,0.6511627906976745,0.6046511627906976,0.6046511627906976,0.5930232558139535,0.5813953488372093,0.5813953488372093,0.5813953488372093,0.5813953488372093,0.5813953488372093,0.5813953488372093,0.5581395348837209,0.5581395348837209,0.5581395348837209,0.5581395348837209
75,0.0008616025808002886,0.6627906976744186,0.6395348837209303,0.6395348837209303,0.6395348837209303,0.627906976744186,0.6162790697674418,0.6162790697674418,0.6162790697674418,0.611764705882353,0.6162790697674418,0.6235294117647059,0.611764705882353,0.5930232558139535,0.6,0.6627906976744186,0.6395348837209303,0.6395348837209303,0.6395348837209303,0.627906976744186,0.6162790697674418,0.6162790697674418,0.6162790697674418,0.6162790697674418,0.6162790697674418,0.6162790697674418,0.6162790697674418,0.5930232558139535,0.5930232558139535
76,0.0008014666840317782,0.6375,0.6125,0.6,0.6,0.5875,0.5875,0.5822784810126582,0.55,0.55,0.5443037974683544,0.55,0.55,0.55,0.5443037974683544,0.6375,0.6125,0.6,0.6,0.5875,0.5875,0.575,0.55,0.55,0.55,0.55,0.55,0.55,0.55
77,0.0008214704320734114,0.6951219512195121,0.6707317073170732,0.6585365853658537,0.6341463414634146,0.6219512195121951,0.6219512195121951,0.6172839506172839,0.6296296296296297,0.6219512195121951,0.6219512195121951,0.6172839506172839,0.6097560975609756,0.6097560975609756,0.6049382716049383,0.6951219512195121,0.6707317073170732,0.6585365853658537,0.6341463414634146,0.6219512195121951,0.6219512195121951,0.6219512195121951,0.6219512195121951,0.6219512195121951,0.6219512195121951,0.6219512195121951,0.6097560975609756,0.6097560975609756,0.6097560975609756
78,0.000801386398469352,0.6375,0.6375,0.625,0.625,0.620253164556962,0.625,0.625,0.625,0.625,0.625,0.625,0.620253164556962,0.625,0.6282051282051282,0.6375,0.6375,0.625,0.625,0.625,0.625,0.625,0.625,0.625,0.625,0.625,0.625,0.625,0.625
79,0.0007412898443291327,0.6621621621621622,0.6486486486486487,0.6486486486486487,0.6486486486486487,0.6351351351351351,0.6351351351351351,0.6301369863013698,0.6351351351351351,0.6351351351351351,0.6301369863013698,0.6301369863013698,0.6081081081081081,0.6081081081081081,0.6164383561643836,0.6621621621621622,0.6486486486486487,0.6486486486486487,0.6486486486486487,0.6351351351351351,0.6351351351351351,0.6351351351351351,0.6351351351351351,0.6351351351351351,0.6216216216216216,0.6216216216216216,0.6081081081081081,0.6081081081081081,0.6081081081081081
80,0.0008012660002804431,0.7125,0.7,0.7,0.7,0.7,0.7,0.6875,0.6875,0.6835443037974683,0.675,0.6625,0.6794871794871795,0.6625,0.6625,0.7125,0.7,0.7,0.7,0.7,0.7,0.6875,0.6875,0.675,0.675,0.6625,0.675,0.6625,0.6625
81,0.0007612255731728082,0.6578947368421053,0.6578947368421053,0.6447368421052632,0.6133333333333333,0.6052631578947368,0.6052631578947368,0.6133333333333333,0.5921052631578947,0.5789473684210527,0.5789473684210527,0.5657894736842105,0.5675675675675675,0.5526315789473685,0.5526315789473685,0.6578947368421053,0.6578947368421053,0.6447368421052632,0.618421052631579,0.6052631578947368,0.6052631578947368,0.6052631578947368,0.5921052631578947,0.5789473684210527,0.5789473684210527,0.5657894736842105,0.5526315789473685,0.5526315789473685,0.5526315789473685
82,0.0007311332565476488,0.6301369863013698,0.589041095890411,0.589041095890411,0.5972222222222222,0.589041095890411,0.589041095890411,0.589041095890411,0.5833333333333334,0.5972222222222222,0.589041095890411,0.5342465753424658,0.5342465753424658,0.5277777777777778,0.5277777777777778,0.6301369863013698,0.589041095890411,0.589041095890411,0.589041095890411,0.589041095890411,0.589041095890411,0.589041095890411,0.589041095890411,0.589041095890411,0.589041095890411,0.5342465753424658,0.5342465753424658,0.5205479452054794,0.5205479452054794
83,0.000671060275234871,0.5970149253731343,0.5970149253731343,0.5970149253731343,0.582089552238806,0.5757575757575758,0.5671641791044776,0.5522388059701493,0.5522388059701493,0.5522388059701493,0.5522388059701493,0.5373134328358209,0.5454545454545454,0.5538461538461539,0.5373134328358209,0.5970149253731343,0.5970149253731343,0.5970149253731343,0.582089552238806,0.5671641791044776,0.5671641791044776,0.5522388059701493,0.5522388059701493,0.5522388059701493,0.5522388059701493,0.5373134328358209,0.5373134328358209,0.5373134328358209,0.5373134328358209
84,0.0006810283528127472,0.6470588235294118,0.6323529411764706,0.6176470588235294,0.6176470588235294,0.5970149253731343,0.5735294117647058,0.5735294117647058,0.5735294117647058,0.582089552238806,0.5735294117647058,0.5588235294117647,0.5588235294117647,0.5671641791044776,0.5441176470588235,0.6470588235294118,0.6323529411764706,0.6176470588235294,0.6176470588235294,0.6029411764705882,0.5735294117647058,0.5735294117647058,0.5735294117647058,0.5735294117647058,0.5735294117647058,0.5588235294117647,0.5588235294117647,0.5588235294117647,0.5441176470588235
85,0.0006810078916796859,0.6617647058823529,0.6268656716417911,0.6176470588235294,0.6176470588235294,0.6176470588235294,0.6176470588235294,0.6176470588235294,0.6176470588235294,0.6029411764705882,0.5882352941176471,0.5735294117647058,0.5735294117647058,0.5671641791044776,0.5735294117647058,0.6617647058823529,0.6176470588235294,0.6176470588235294,0.6176470588235294,0.6176470588235294,0.6176470588235294,0.6176470588235294,0.6176470588235294,0.6029411764705882,0.5882352941176471,0.5735294117647058,0.5735294117647058,0.5735294117647058,0.5735294117647058
86,0.0006709594720450244,0.6716417910447762,0.6716417910447762,0.6417910447761194,0.6268656716417911,0.5970149253731343,0.582089552238806,0.5757575757575758,0.5671641791044776,0.5671641791044776,0.5671641791044776,0.5522388059701493,0.5373134328358209,0.5303030303030303,0.5538461538461539,0.6716417910447762,0.6716417910447762,0.6417910447761194,0.6268656716417911,0.5970149253731343,0.582089552238806,0.582089552238806,0.5671641791044776,0.5671641791044776,0.5671641791044776,0.5522388059701493,0.5373134328358209,0.5373134328358209,0.5522388059701493
87,0.0006909811932944782,0.7246376811594203,0.7246376811594203,0.6956521739130435,0.6811594202898551,0.6811594202898551,0.6811594202898551,0.6811594202898551,0.6666666666666666,0.6521739130434783,0.6521739130434783,0.6521739130434783,0.6521739130434783,0.6521739130434783,0.6470588235294118,0.7246376811594203,0.7246376811594203,0.6956521739130435,0.6811594202898551,0.6811594202898551,0.6811594202898551,0.6811594202898551,0.6666666666666666,0.6521739130434783,0.6521739130434783,0.6521739130434783,0.6521739130434783,0.6521739130434783,0.6376811594202898
88,0.0006509243125237838,0.6615384615384615,0.6461538461538462,0.6461538461538462,0.6307692307692307,0.6307692307692307,0.6307692307692307,0.6307692307692307,0.6307692307692307,0.640625,0.6307692307692307,0.5846153846153846,0.5846153846153846,0.5846153846153846,0.5846153846153846,0.6615384615384615,0.6461538461538462,0.6461538461538462,0.6307692307692307,0.6307692307692307,0.6307692307692307,0.6307692307692307,0.6307692307692307,0.6307692307692307,0.6307692307692307,0.5846153846153846,0.5846153846153846,0.5846153846153846,0.5846153846153846
89,0.0006208692169036651,0.6451612903225806,0.6129032258064516,0.6129032258064516,0.5806451612903226,0.5806451612903226,0.5806451612903226,0.5806451612903226,0.5645161290322581,0.5645161290322581,0.5645161290322581,0.5645161290322581,0.5645161290322581,0.532258064516129,0.5245901639344263,0.6451612903225806,0.6129032258064516,0.6129032258064516,0.5806451612903226,0.5806451612903226,0.5806451612903226,0.5806451612903226,0.5645161290322581,0.5645161290322581,0.5645161290322581,0.5645161290322581,0.5645161290322581,0.532258064516129,0.532258064516129
90,0.0005908271580212297,0.711864406779661,0.6949152542372882,0.6779661016949152,0.6779661016949152,0.6779661016949152,0.6779661016949152,0.6724137931034483,0.6779661016949152,0.6610169491525424,0.6440677966101694,0.6271186440677966,0.603448275862069,0.6101694915254238,0.6101694915254238,0.711864406779661,0.6949152542372882,0.6779661016949152,0.6779661016949152,0.6779661016949152,0.6779661016949152,0.6779661016949152,0.6779661016949152,0.6610169491525424,0.6440677966101694,0.6271186440677966,0.6101694915254238,0.6101694915254238,0.6101694915254238
91,0.0005707762557077625,0.631578947368421,0.6140350877192983,0.6140350877192983,0.6140350877192983,0.5964912280701754,0.5964912280701754,0.5964912280701754,0.5964912280701754,0.5964912280701754,0.5964912280701754,0.6071428571428571,0.5964912280701754,0.5789473684210527,0.5789473684210527,0.631578947368421,0.6140350877192983,0.6140350877192983,0.6140350877192983,0.5964912280701754,0.5964912280701754,0.5964912280701754,0.5964912280701754,0.5964912280701754,0.5964912280701754,0.5964912280701754,0.5964912280701754,0.5789473684210527,0.5789473684210527
92,0.0005106945445806296,0.6470588235294118,0.6470588235294118,0.6274509803921569,0.6274509803921569,0.6274509803921569,0.6274509803921569,0.62,0.6274509803921569,0.62,0.58,0.5882352941176471,0.5882352941176471,0.5686274509803921,0.5686274509803921,0.6470588235294118,0.6470588235294118,0.6274509803921569,0.6274509803921569,0.6274509803921569,0.6274509803921569,0.6274509803921569,0.6274509803921569,0.6078431372549019,0.5882352941176471,0.5882352941176471,0.5882352941176471,0.5686274509803921,0.5686274509803921
93,0.0005306792694649151,0.7169811320754716,0.6981132075471698,0.6981132075471698,0.6981132075471698,0.6792452830188679,0.660377358490566,0.660377358490566,0.6538461538461539,0.660377358490566,0.660377358490566,0.6415094339622641,0.6226415094339622,0.6530612244897959,0.6346153846153846,0.7169811320754716,0.6981132075471698,0.6981132075471698,0.6981132075471698,0.6792452830188679,0.660377358490566,0.660377358490566,0.660377358490566,0.660377358490566,0.660377358490566,0.6415094339622641,0.6226415094339622,0.6226415094339622,0.6415094339622641
94,0.0005306845831122148,0.7358490566037735,0.6981132075471698,0.6792452830188679,0.660377358490566,0.660377358490566,0.660377358490566,0.660377358490566,0.6538461538461539,0.660377358490566,0.660377358490566,0.6226415094339622,0.6226415094339622,0.6226415094339622,0.6226415094339622,0.7358490566037735,0.6981132075471698,0.6792452830188679,0.660377358490566,0.660377358490566,0.660377358490566,0.660377358490566,0.660377358490566,0.660377358490566,0.660377358490566,0.6226415094339622,0.6226415094339622,0.6226415094339622,0.6226415094339622
95,0.0005106587497872256,0.6666666666666666,0.6470588235294118,0.6470588235294118,0.6470588235294118,0.66,0.6274509803921569,0.6274509803921569,0.6274509803921569,0.6274509803921569,0.6274509803921569,0.64,0.6274509803921569,0.5686274509803921,0.5625,0.6666666666666666,0.6470588235294118,0.6470588235294118,0.6470588235294118,0.6666666666666666,0.6274509803921569,0.6274509803921569,0.6274509803921569,0.6274509803921569,0.6274509803921569,0.6470588235294118,0.6274509803921569,0.5686274509803921,0.5490196078431373
96,0.00047061179533393414,0.6170212765957447,0.5957446808510638,0.5957446808510638,0.5957446808510638,0.5869565217391305,0.5957446808510638,0.574468085106383,0.574468085106383,0.574468085106383,0.574468085106383,0.5531914893617021,0.5319148936170213,0.5319148936170213,0.5434782608695652,0.6170212765957447,0.5957446808510638,0.5957446808510638,0.5957446808510638,0.5957446808510638,0.5957446808510638,0.574468085106383,0.574468085106383,0.574468085106383,0.574468085106383,0.5531914893617021,0.5319148936170213,0.5319148936170213,0.5319148936170213
97,0.0004505812498122578,0.6444444444444445,0.6444444444444445,0.6222222222222222,0.6222222222222222,0.6,0.5777777777777777,0.5777777777777777,0.5555555555555556,0.5555555555555556,0.5333333333333333,0.5111111111111111,0.4666666666666667,0.4666666666666667,0.4772727272727273,0.6444444444444445,0.6444444444444445,0.6222222222222222,0.6222222222222222,0.6,0.5777777777777777,0.5777777777777777,0.5555555555555556,0.5555555555555556,0.5333333333333333,0.5111111111111111,0.4666666666666667,0.4666666666666667,0.4666666666666667
98,0.00047057410040249103,0.6170212765957447,0.5957446808510638,0.574468085106383,0.5319148936170213,0.5319148936170213,0.5106382978723404,0.5106382978723404,0.4782608695652174,0.48936170212765956,0.48936170212765956,0.48936170212765956,0.48936170212765956,0.4782608695652174,0.46808510638297873,0.6170212765957447,0.5957446808510638,0.574468085106383,0.5319148936170213,0.5319148936170213,0.5106382978723404,0.5106382978723404,0.48936170212765956,0.48936170212765956,0.48936170212765956,0.48936170212765956,0.48936170212765956,0.48936170212765956,0.46808510638297873
99,0.0005005606279032517,0.64,0.6,0.58,0.58,0.58,0.58,0.58,0.56,0.56,0.56,0.5510204081632653,0.54,0.54,0.5208333333333334,0.64,0.6,0.58,0.58,0.58,0.58,0.58,0.56,0.56,0.56,0.54,0.54,0.54,0.52
100,0.0004805285814395835,0.6041666666666666,0.5833333333333334,0.5625,0.5625,0.5625,0.5416666666666666,0.5416666666666666,0.5416666666666666,0.5416666666666666,0.5319148936170213,0.4583333333333333,0.4583333333333333,0.4583333333333333,0.4375,0.6041666666666666,0.5833333333333334,0.5625,0.5625,0.5625,0.5416666666666666,0.5416666666666666,0.5416666666666666,0.5416666666666666,0.5416666666666666,0.4583333333333333,0.4583333333333333,0.4583333333333333,0.4375
101,0.0004604835076830672,0.6521739130434783,0.6304347826086957,0.6086956521739131,0.6086956521739131,0.6086956521739131,0.6086956521739131,0.6086956521739131,0.6086956521739131,0.5869565217391305,0.5869565217391305,0.5869565217391305,0.5869565217391305,0.5869565217391305,0.5869565217391305,0.6521739130434783,0.6304347826086957,0.6086956521739131,0.6086956521739131,0.6086956521739131,0.6086956521739131,0.6086956521739131,0.6086956521739131,0.5869565217391305,0.5869565217391305,0.5869565217391305,0.5869565217391305,0.5869565217391305,0.5869565217391305
102,0.00048049009990189993,0.625,0.6041666666666666,0.6041666666666666,0.5833333333333334,0.5625,0.5625,0.5625,0.5625,0.5625,0.5625,0.5625,0.5625,0.5625,0.5625,0.625,0.6041666666666666,0.6041666666666666,0.5833333333333334,0.5625,0.5625,0.5625,0.5625,0.5625,0.5625,0.5625,0.5625,0.5625,0.5625
103,0.0005004754516790952,0.58,0.58,0.56,0.56,0.56,0.56,0.5714285714285714,0.5714285714285714,0.56,0.56,0.56,0.54,0.5510204081632653,0.54,0.58,0.58,0.56,0.56,0.56,0.56,0.56,0.56,0.56,0.56,0.56,0.54,0.54,0.54
104,0.0004504279065111856,0.6,0.5777777777777777,0.5555555555555556,0.5555555555555556,0.5555555555555556,0.5555555555555556,0.5555555555555556,0.5555555555555556,0.5555555555555556,0.5555555555555556,0.5555555555555556,0.5555555555555556,0.5555555555555556,0.5555555555555556,0.6,0.5777777777777777,0.5555555555555556,0.5555555555555556,0.5555555555555556,0.5555555555555556,0.5555555555555556,0.5555555555555556,0.5555555555555556,0.5555555555555556,0.5555555555555556,0.5555555555555556,0.5555555555555556,0.5555555555555556
105,0.0004704327981743204,0.6382978723404256,0.6382978723404256,0.6382978723404256,0.6382978723404256,0.6170212765957447,0.6170212765957447,0.6170212765957447,0.6170212765957447,0.6170212765957447,0.6170212765957447,0.5531914893617021,0.5319148936170213,0.48936170212765956,0.48936170212765956,0.6382978723404256,0.6382978723404256,0.6382978723404256,0.6382978723404256,0.6170212765957447,0.6170212765957447,0.6170212765957447,0.6170212765957447,0.6170212765957447,0.6170212765957447,0.5531914893617021,0.5319148936170213,0.48936170212765956,0.48936170212765956
106,0.00048043719785004354,0.7083333333333334,0.6875,0.6875,0.6458333333333334,0.6458333333333334,0.625,0.625,0.625,0.6170212765957447,0.625,0.6041666666666666,0.6041666666666666,0.5833333333333334,0.5833333333333334,0.7083333333333334,0.6875,0.6875,0.6458333333333334,0.6458333333333334,0.625,0.625,0.625,0.625,0.625,0.6041666666666666,0.6041666666666666,0.5833333333333334,0.5833333333333334
107,0.0004804323891502352,0.6458333333333334,0.6595744680851063,0.625,0.625,0.625,0.6041666666666666,0.6041666666666666,0.6041666666666666,0.6041666666666666,0.6041666666666666,0.6041666666666666,0.6041666666666666,0.6041666666666666,0.6041666666666666,0.6458333333333334,0.6458333333333334,0.625,0.625,0.625,0.6041666666666666,0.6041666666666666,0.6041666666666666,0.6041666666666666,0.6041666666666666,0.6041666666666666,0.6041666666666666,0.6041666666666666,0.6041666666666666
108,0.00048041796362835665,0.6458333333333334,0.6458333333333334,0.625,0.625,0.6041666666666666,0.6041666666666666,0.6041666666666666,0.6041666666666666,0.6041666666666666,0.6041666666666666,0.5833333333333334,0.574468085106383,0.5957446808510638,0.5833333333333334,0.6458333333333334,0.6458333333333334,0.625,0.625,0.6041666666666666,0.6041666666666666,0.6041666666666666,0.6041666666666666,0.6041666666666666,0.6041666666666666,0.5833333333333334,0.5833333333333334,0.5833333333333334,0.5833333333333334
109,0.00039035913039996796,0.7692307692307693,0.7435897435897436,0.6923076923076923,0.6923076923076923,0.6923076923076923,0.6923076923076923,0.6923076923076923,0.6923076923076923,0.6842105263157895,0.6923076923076923,0.6666666666666666,0.6578947368421053,0.6666666666666666,0.6666666666666666,0.7692307692307693,0.7435897435897436,0.6923076923076923,0.6923076923076923,0.6923076923076923,0.6923076923076923,0.6923076923076923,0.6923076923076923,0.6923076923076923,0.6923076923076923,0.6666666666666666,0.6666666666666666,0.6666666666666666,0.6666666666666666
110,0.0003403301202166101,0.6176470588235294,0.6176470588235294,0.6176470588235294,0.6176470588235294,0.6176470588235294,0.6176470588235294,0.6176470588235294,0.6176470588235294,0.6176470588235294,0.6176470588235294,0.6176470588235294,0.6176470588235294,0.5882352941176471,0.5882352941176471,0.6176470588235294,0.6176470588235294,0.6176470588235294,0.6176470588235294,0.6176470588235294,0.6176470588235294,0.6176470588235294,0.6176470588235294,0.6176470588235294,0.6176470588235294,0.6176470588235294,0.6176470588235294,0.5882352941176471,0.5882352941176471
111,0.00032030749519538755,0.5625,0.5625,0.53125,0.53125,0.53125,0.53125,0.5161290322580645,0.5,0.46875,0.46875,0.46875,0.46875,0.46875,0.46875,0.5625,0.5625,0.53125,0.53125,0.53125,0.53125,0.5,0.5,0.46875,0.46875,0.46875,0.46875,0.46875,0.46875
112,0.0003002972943213782,0.8,0.7666666666666667,0.7666666666666667,0.7666666666666667,0.7666666666666667,0.7666666666666667,0.7666666666666667,0.7666666666666667,0.7666666666666667,0.7333333333333333,0.7333333333333333,0.7333333333333333,0.7333333333333333,0.7333333333333333,0.8,0.7666666666666667,0.7666666666666667,0.7666666666666667,0.7666666666666667,0.7666666666666667,0.7666666666666667,0.7666666666666667,0.7666666666666667,0.7333333333333333,0.7333333333333333,0.7333333333333333,0.7333333333333333,0.7333333333333333
113,0.000310294780041039,0.7741935483870968,0.7741935483870968,0.7741935483870968,0.7741935483870968,0.7741935483870968,0.7741935483870968,0.7741935483870968,0.7741935483870968,0.7741935483870968,0.7741935483870968,0.7741935483870968,0.7666666666666667,0.7741935483870968,0.7741935483870968,0.7741935483870968,0.7741935483870968,0.7741935483870968,0.7741935483870968,0.7741935483870968,0.7741935483870968,0.7741935483870968,0.7741935483870968,0.7741935483870968,0.7741935483870968,0.7741935483870968,0.7741935483870968,0.7741935483870968,0.7741935483870968
114,0.0003202818480262631,0.71875,0.71875,0.71875,0.6875,0.6875,0.6875,0.6875,0.6875,0.6875,0.6875,0.6875,0.6875,0.6875,0.6875,0.71875,0.71875,0.71875,0.6875,0.6875,0.6875,0.6875,0.6875,0.6875,0.6875,0.6875,0.6875,0.6875,0.6875
115,0.00028025222700430385,0.6428571428571429,0.6428571428571429,0.6428571428571429,0.6428571428571429,0.6428571428571429,0.6428571428571429,0.6428571428571429,0.6428571428571429,0.6428571428571429,0.6428571428571429,0.6428571428571429,0.6428571428571429,0.6428571428571429,0.6428571428571429,0.6428571428571429,0.6428571428571429,0.6428571428571429,0.6428571428571429,0.6428571428571429,0.6428571428571429,0.6428571428571429,0.6428571428571429,0.6428571428571429,0.6428571428571429,0.6428571428571429,0.6428571428571429,0.6428571428571429,0.6428571428571429
116,0.0002602316061294552,0.6153846153846154,0.6153846153846154,0.6153846153846154,0.6153846153846154,0.6153846153846154,0.6153846153846154,0.6153846153846154,0.6153846153846154,0.5769230769230769,0.5769230769230769,0.5769230769230769,0.5769230769230769,0.5769230769230769,0.6,0.6153846153846154,0.6153846153846154,0.6153846153846154,0.6153846153846154,0.6153846153846154,0.6153846153846154,0.6153846153846154,0.6153846153846154,0.5769230769230769,0.5769230769230769,0.5769230769230769,0.5769230769230769,0.5769230769230769,0.5769230769230769
117,0.0002301979702544188,0.6521739130434783,0.6086956521739131,0.5652173913043478,0.5652173913043478,0.5652173913043478,0.5217391304347826,0.4782608695652174,0.43478260869565216,0.43478260869565216,0.43478260869565216,0.43478260869565216,0.43478260869565216,0.43478260869565216,0.43478260869565216,0.6521739130434783,0.6086956521739131,0.5652173913043478,0.5652173913043478,0.5652173913043478,0.5217391304347826,0.4782608695652174,0.43478260869565216,0.43478260869565216,0.43478260869565216,0.43478260869565216,0.43478260869565216,0.43478260869565216,0.43478260869565216
118,0.00024019455759164923,0.6666666666666666,0.625,0.625,0.625,0.625,0.625,0.625,0.625,0.625,0.625,0.625,0.625,0.5833333333333334,0.5833333333333334,0.6666666666666666,0.625,0.625,0.625,0.625,0.625,0.625,0.625,0.625,0.625,0.625,0.625,0.5833333333333334,0.5833333333333334
119,0.00023017954004123217,0.6956521739130435,0.6521739130434783,0.6521739130434783,0.6521739130434783,0.6521739130434783,0.6086956521739131,0.6086956521739131,0.6086956521739131,0.6086956521739131,0.6086956521739131,0.6086956521739131,0.6086956521739131,0.6086956521739131,0.6086956521739131,0.6956521739130435,0.6521739130434783,0.6521739130434783,0.6521739130434783,0.6521739130434783,0.6086956521739131,0.6086956521739131,0.6086956521739131,0.6086956521739131,0.6086956521739131,0.6086956521739131,0.6086956521739131,0.6086956521739131,0.6086956521739131
120,0.00024017292450564405,0.75,0.7083333333333334,0.7083333333333334,0.7083333333333334,0.7083333333333334,0.7083333333333334,0.7083333333333334,0.7083333333333334,0.7083333333333334,0.7083333333333334,0.7083333333333334,0.6666666666666666,0.6666666666666666,0.6666666666666666,0.75,0.7083333333333334,0.7083333333333334,0.7083333333333334,0.7083333333333334,0.7083333333333334,0.7083333333333334,0.7083333333333334,0.7083333333333334,0.7083333333333334,0.7083333333333334,0.6666666666666666,0.6666666666666666,0.6666666666666666
121,0.00023015880957860923,0.7391304347826086,0.6956521739130435,0.6956521739130435,0.6956521739130435,0.6956521739130435,0.6956521739130435,0.6956521739130435,0.6956521739130435,0.6956521739130435,0.6956521739130435,0.6956521739130435,0.6521739130434783,0.6086956521739131,0.5217391304347826,0.7391304347826086,0.6956521739130435,0.6956521739130435,0.6956521739130435,0.6956521739130435,0.6956521739130435,0.6956521739130435,0.6956521739130435,0.6956521739130435,0.6956521739130435,0.6956521739130435,0.6521739130434783,0.6086956521739131,0.5217391304347826
122,0.00023015190025416776,0.8260869565217391,0.782608695652174,0.782608695652174,0.782608695652174,0.782608695652174,0.782608695652174,0.782608695652174,0.782608695652174,0.7391304347826086,0.7391304347826086,0.6956521739130435,0.6956521739130435,0.6956521739130435,0.6956521739130435,0.8260869565217391,0.782608695652174,0.782608695652174,0.782608695652174,0.782608695652174,0.782608695652174,0.782608695652174,0.782608695652174,0.7391304347826086,0.7391304347826086,0.6956521739130435,0.6956521739130435,0.6956521739130435,0.6956521739130435
123,0.00020012808197246237,0.8,0.8,0.8,0.75,0.75,0.7,0.7,0.7,0.7,0.7,0.7,0.7,0.7,0.7,0.8,0.8,0.8,0.75,0.75,0.7,0.7,0.7,0.7,0.7,0.7,0.7,0.7,0.7
124,0.0001901178730813104,0.7894736842105263,0.7368421052631579,0.6842105263157895,0.6842105263157895,0.6842105263157895,0.6842105263157895,0.6842105263157895,0.6842105263157895,0.6842105263157895,0.6842105263157895,0.6842105263157895,0.6842105263157895,0.6842105263157895,0.6842105263157895,0.7894736842105263,0.7368421052631579,0.6842105263157895,0.6842105263157895,0.6842105263157895,0.6842105263157895,0.6842105263157895,0.6842105263157895,0.6842105263157895,0.6842105263157895,0.6842105263157895,0.6842105263157895,0.6842105263157895,0.6842105263157895
125,0.00019010836176620673,0.6842105263157895,0.6842105263157895,0.6842105263157895,0.6842105263157895,0.6842105263157895,0.6842105263157895,0.6842105263157895,0.6842105263157895,0.6842105263157895,0.6842105263157895,0.6842105263157895,0.6842105263157895,0.7222222222222222,0.6842105263157895,0.6842105263157895,0.6842105263157895,0.6842105263157895,0.6842105263157895,0.6842105263157895,0.6842105263157895,0.6842105263157895,0.6842105263157895,0.6842105263157895,0.6842105263157895,0.6842105263157895,0.6842105263157895,0.6842105263157895,0.6842105263157895
126,0.00017010035921193503,0.5882352941176471,0.5882352941176471,0.5882352941176471,0.5882352941176471,0.5882352941176471,0.5882352941176471,0.5882352941176471,0.5882352941176471,0.5882352941176471,0.5882352941176471,0.5882352941176471,0.5882352941176471,0.5882352941176471,0.5882352941176471,0.5882352941176471,0.5882352941176471,0.5882352941176471,0.5882352941176471,0.5882352941176471,0.5882352941176471,0.5882352941176471,0.5882352941176471,0.5882352941176471,0.5882352941176471,0.5882352941176471,0.5882352941176471,0.5882352941176471,0.5882352941176471
127,0.00015008855224582504,0.6,0.5333333333333333,0.4666666666666667,0.4666666666666667,0.4666666666666667,0.4666666666666667,0.4666666666666667,0.4666666666666667,0.4666666666666667,0.4666666666666667,0.4666666666666667,0.4666666666666667,0.4666666666666667,0.4666666666666667,0.6,0.5333333333333333,0.4666666666666667,0.4666666666666667,0.4666666666666667,0.4666666666666667,0.4666666666666667,0.4666666666666667,0.4666666666666667,0.4666666666666667,0.4666666666666667,0.4666666666666667,0.4666666666666667,0.4666666666666667
128,0.00016008804842663465,0.75,0.6875,0.6875,0.6875,0.6875,0.6875,0.6875,0.6875,0.6875,0.6875,0.6875,0.625,0.625,0.625,0.75,0.6875,0.6875,0.6875,0.6875,0.6875,0.6875,0.6875,0.6875,0.6875,0.6875,0.625,0.625,0.625
129,0.0001500795421573434,0.6666666666666666,0.6666666666666666,0.6666666666666666,0.6666666666666666,0.6666666666666666,0.6666666666666666,0.6666666666666666,0.6666666666666666,0.6,0.6,0.6,0.6,0.6,0.6,0.6666666666666666,0.6666666666666666,0.6666666666666666,0.6666666666666666,0.6666666666666666,0.6666666666666666,0.6666666666666666,0.6666666666666666,0.6,0.6,0.6,0.6,0.6,0.6
130,0.00016007843843483306,0.625,0.625,0.625,0.625,0.625,0.625,0.625,0.625,0.625,0.625,0.625,0.625,0.5625,0.5625,0.625,0.625,0.625,0.625,0.625,0.625,0.625,0.625,0.625,0.625,0.625,0.625,0.5625,0.5625
131,0.00016007683688170322,0.6875,0.6875,0.6875,0.6875,0.6875,0.6875,0.6875,0.625,0.6,0.625,0.625,0.625,0.5625,0.5,0.6875,0.6875,0.6875,0.6875,0.6875,0.6875,0.6875,0.625,0.625,0.625,0.625,0.625,0.5625,0.5
132,0.00016007683688170322,0.6875,0.6875,0.625,0.625,0.625,0.625,0.6,0.625,0.625,0.625,0.625,0.5625,0.5625,0.5625,0.6875,0.6875,0.625,0.625,0.625,0.625,0.625,0.625,0.625,0.625,0.625,0.5625,0.5625,0.5625
133,0.00016007043098963545,0.5625,0.5625,0.5625,0.5625,0.5625,0.5625,0.5,0.5,0.5,0.5,0.5,0.5,0.5,0.5,0.5625,0.5625,0.5625,0.5625,0.5625,0.5625,0.5,0.5,0.5,0.5,0.5,0.5,0.5,0.5
134,0.00017006632586708816,0.7058823529411765,0.7058823529411765,0.7058823529411765,0.6470588235294118,0.6470588235294118,0.6470588235294118,0.6470588235294118,0.6470588235294118,0.5882352941176471,0.5882352941176471,0.5882352941176471,0.5882352941176471,0.5882352941176471,0.5882352941176471,0.7058823529411765,0.7058823529411765,0.7058823529411765,0.6470588235294118,0.6470588235294118,0.6470588235294118,0.6470588235294118,0.6470588235294118,0.5882352941176471,0.5882352941176471,0.5882352941176471,0.5882352941176471,0.5882352941176471,0.5882352941176471
135,0.00017006462455733179,0.7647058823529411,0.7058823529411765,0.7058823529411765,0.7058823529411765,0.7058823529411765,0.7058823529411765,0.7058823529411765,0.7058823529411765,0.7058823529411765,0.7058823529411765,0.7058823529411765,0.7058823529411765,0.7058823529411765,0.7058823529411765,0.7647058823529411,0.7058823529411765,0.7058823529411765,0.7058823529411765,0.7058823529411765,0.7058823529411765,0.7058823529411765,0.7058823529411765,0.7058823529411765,0.7058823529411765,0.7058823529411765,0.7058823529411765,0.7058823529411765,0.7058823529411765
136,0.0001400546213023079,0.5714285714285714,0.5714285714285714,0.5714285714285714,0.5714285714285714,0.5714285714285714,0.5714285714285714,0.5714285714285714,0.5714285714285714,0.5714285714285714,0.5714285714285714,0.5714285714285714,0.5714285714285714,0.5714285714285714,0.5714285714285714,0.5714285714285714,0.5714285714285714,0.5714285714285714,0.5714285714285714,0.5714285714285714,0.5714285714285714,0.5714285714285714,0.5714285714285714,0.5714285714285714,0.5714285714285714,0.5714285714285714,0.5714285714285714,0.5714285714285714,0.5714285714285714
137,0.00015005401944700092,0.6,0.6,0.6,0.6,0.6,0.6,0.6,0.6,0.6,0.6,0.6,0.6,0.6,0.6,0.6,0.6,0.6,0.6,0.6,0.6,0.6,0.6,0.6,0.6,0.6,0.6,0.6,0.6
138,0.0001700595208322913,0.7058823529411765,0.7058823529411765,0.7058823529411765,0.7058823529411765,0.7058823529411765,0.7058823529411765,0.7058823529411765,0.6470588235294118,0.6470588235294118,0.5882352941176471,0.5882352941176471,0.5882352941176471,0.5882352941176471,0.5882352941176471,0.7058823529411765,0.7058823529411765,0.7058823529411765,0.7058823529411765,0.7058823529411765,0.7058823529411765,0.7058823529411765,0.6470588235294118,0.6470588235294118,0.5882352941176471,0.5882352941176471,0.5882352941176471,0.5882352941176471,0.5882352941176471
139,0.0001700510153045914,0.7058823529411765,0.7058823529411765,0.6470588235294118,0.6470588235294118,0.6470588235294118,0.6470588235294118,0.6470588235294118,0.6470588235294118,0.6470588235294118,0.6470588235294118,0.6470588235294118,0.5882352941176471,0.5882352941176471,0.5882352941176471,0.7058823529411765,0.7058823529411765,0.6470588235294118,0.6470588235294118,0.6470588235294118,0.6470588235294118,0.6470588235294118,0.6470588235294118,0.6470588235294118,0.6470588235294118,0.6470588235294118,0.5882352941176471,0.5882352941176471,0.5882352941176471
140,0.0001600480144043213,0.5,0.5,0.5,0.5,0.5,0.5,0.5,0.5,0.5,0.5,0.5,0.5,0.5,0.5,0.5,0.5,0.5,0.5,0.5,0.5,0.5,0.5,0.5,0.5,0.5,0.5,0.5,0.5
141,0.00015004651441947003,0.7333333333333333,0.7333333333333333,0.7333333333333333,0.7333333333333333,0.7333333333333333,0.7333333333333333,0.7333333333333333,0.7333333333333333,0.7333333333333333,0.7333333333333333,0.7333333333333333,0.7333333333333333,0.7333333333333333,0.7333333333333333,0.7333333333333333,0.7333333333333333,0.7333333333333333,0.7333333333333333,0.7333333333333333,0.7333333333333333,0.7333333333333333,0.7333333333333333,0.7333333333333333,0.7333333333333333,0.7333333333333333,0.7333333333333333,0.7333333333333333,0.7333333333333333
142,0.000140044814340589,0.6428571428571429,0.6428571428571429,0.6428571428571429,0.6428571428571429,0.6428571428571429,0.6428571428571429,0.6428571428571429,0.6428571428571429,0.6428571428571429,0.6428571428571429,0.5714285714285714,0.5714285714285714,0.5714285714285714,0.5714285714285714,0.6428571428571429,0.6428571428571429,0.6428571428571429,0.6428571428571429,0.6428571428571429,0.6428571428571429,0.6428571428571429,0.6428571428571429,0.6428571428571429,0.6428571428571429,0.5714285714285714,0.5714285714285714,0.5714285714285714,0.5714285714285714
143,0.0001600448125475133,0.5625,0.5625,0.5625,0.5625,0.5,0.5,0.5,0.5,0.5,0.5,0.5,0.5,0.5,0.5,0.5625,0.5625,0.5625,0.5625,0.5,0.5,0.5,0.5,0.5,0.5,0.5,0.5,0.5,0.5
144,0.00016004321166715013,0.5625,0.5,0.5,0.5,0.5,0.5,0.5,0.5,0.5,0.5,0.5,0.5,0.5,0.5,0.5625,0.5,0.5,0.5,0.5,0.5,0.5,0.5,0.5,0.5,0.5,0.5,0.5,0.5
145,0.00013003901170351105,0.38461538461538464,0.3076923076923077,0.3076923076923077,0.3076923076923077,0.3076923076923077,0.3076923076923077,0.3076923076923077,0.3076923076923077,0.3076923076923077,0.3076923076923077,0.3076923076923077,0.3076923076923077,0.3076923076923077,0.3076923076923077,0.38461538461538464,0.3076923076923077,0.3076923076923077,0.3076923076923077,0.3076923076923077,0.3076923076923077,0.3076923076923077,0.3076923076923077,0.3076923076923077,0.3076923076923077,0.3076923076923077,0.3076923076923077,0.3076923076923077,0.3076923076923077
146,0.00012003481009492752,0.3333333333333333,0.3333333333333333,0.3333333333333333,0.3333333333333333,0.3333333333333333,0.3333333333333333,0.3333333333333333,0.3333333333333333,0.3333333333333333,0.3333333333333333,0.3333333333333333,0.3333333333333333,0.25,0.25,0.3333333333333333,0.3333333333333333,0.3333333333333333,0.3333333333333333,0.3333333333333333,0.3333333333333333,0.3333333333333333,0.3333333333333333,0.3333333333333333,0.3333333333333333,0.3333333333333333,0.3333333333333333,0.25,0.25
147,0.00011002860743793387,0.6363636363636364,0.6363636363636364,0.6363636363636364,0.6363636363636364,0.6363636363636364,0.6363636363636364,0.6363636363636364,0.6363636363636364,0.5454545454545454,0.5454545454545454,0.45454545454545453,0.45454545454545453,0.45454545454545453,0.45454545454545453,0.6363636363636364,0.6363636363636364,0.6363636363636364,0.6363636363636364,0.6363636363636364,0.6363636363636364,0.6363636363636364,0.6363636363636364,0.5454545454545454,0.5454545454545454,0.45454545454545453,0.45454545454545453,0.45454545454545453,0.45454545454545453
148,0.00011002860743793387,0.8181818181818182,0.7272727272727273,0.6363636363636364,0.6363636363636364,0.6363636363636364,0.6363636363636364,0.6363636363636364,0.6363636363636364,0.6363636363636364,0.6363636363636364,0.5454545454545454,0.5454545454545454,0.5454545454545454,0.5454545454545454,0.8181818181818182,0.7272727272727273,0.6363636363636364,0.6363636363636364,0.6363636363636364,0.6363636363636364,0.6363636363636364,0.6363636363636364,0.6363636363636364,0.6363636363636364,0.5454545454545454,0.5454545454545454,0.5454545454545454,0.5454545454545454
149,0.00012002880691365927,0.75,0.6666666666666666,0.6666666666666666,0.6666666666666666,0.6666666666666666,0.6666666666666666,0.6666666666666666,0.6666666666666666,0.6666666666666666,0.6666666666666666,0.6666666666666666,0.7272727272727273,0.6666666666666666,0.6666666666666666,0.75,0.6666666666666666,0.6666666666666666,0.6666666666666666,0.6666666666666666,0.6666666666666666,0.6666666666666666,0.6666666666666666,0.6666666666666666,0.6666666666666666,0.6666666666666666,0.6666666666666666,0.6666666666666666,0.6666666666666666
150,9.002430656277194e-05,0.6666666666666666,0.6666666666666666,0.6666666666666666,0.6666666666666666,0.6666666666666666,0.6666666666666666,0.5555555555555556,0.5555555555555556,0.5555555555555556,0.5555555555555556,0.5555555555555556,0.5555555555555556,0.5555555555555556,0.5555555555555556,0.6666666666666666,0.6666666666666666,0.6666666666666666,0.6666666666666666,0.6666666666666666,0.6666666666666666,0.5555555555555556,0.5555555555555556,0.5555555555555556,0.5555555555555556,0.5555555555555556,0.5555555555555556,0.5555555555555556,0.5555555555555556
151,9.002430656277194e-05,0.5555555555555556,0.5555555555555556,0.5555555555555556,0.5555555555555556,0.5555555555555556,0.5555555555555556,0.5555555555555556,0.5555555555555556,0.5555555555555556,0.5555555555555556,0.5555555555555556,0.5555555555555556,0.5555555555555556,0.5555555555555556,0.5555555555555556,0.5555555555555556,0.5555555555555556,0.5555555555555556,0.5555555555555556,0.5555555555555556,0.5555555555555556,0.5555555555555556,0.5555555555555556,0.5555555555555556,0.5555555555555556,0.5555555555555556,0.5555555555555556,0.5555555555555556
152,9.002430656277194e-05,0.5555555555555556,0.5555555555555556,0.5555555555555556,0.5555555555555556,0.5555555555555556,0.5555555555555556,0.5555555555555556,0.5555555555555556,0.5555555555555556,0.5555555555555556,0.5555555555555556,0.5555555555555556,0.5555555555555556,0.5555555555555556,0.5555555555555556,0.5555555555555556,0.5555555555555556,0.5555555555555556,0.5555555555555556,0.5555555555555556,0.5555555555555556,0.5555555555555556,0.5555555555555556,0.5555555555555556,0.5555555555555556,0.5555555555555556,0.5555555555555556,0.5555555555555556
153,8.002160583357506e-05,0.625,0.625,0.625,0.625,0.625,0.625,0.625,0.625,0.625,0.625,0.625,0.625,0.625,0.625,0.625,0.625,0.625,0.625,0.625,0.625,0.625,0.625,0.625,0.625,0.625,0.625,0.625,0.625
154,9.00225056264066e-05,0.6666666666666666,0.6666666666666666,0.6666666666666666,0.6666666666666666,0.6666666666666666,0.6666666666666666,0.6666666666666666,0.6666666666666666,0.6666666666666666,0.6666666666666666,0.6666666666666666,0.6666666666666666,0.6666666666666666,0.6666666666666666,0.6666666666666666,0.6666666666666666,0.6666666666666666,0.6666666666666666,0.6666666666666666,0.6666666666666666,0.6666666666666666,0.6666666666666666,0.6666666666666666,0.6666666666666666,0.6666666666666666,0.6666666666666666,0.6666666666666666,0.6666666666666666
155,8.002160583357506e-05,0.625,0.625,0.625,0.625,0.625,0.625,0.625,0.625,0.625,0.625,0.625,0.625,0.625,0.625,0.625,0.625,0.625,0.625,0.625,0.625,0.625,0.625,0.625,0.625,0.625,0.625,0.625,0.625
156,9.002340608558225e-05,0.5555555555555556,0.5555555555555556,0.5555555555555556,0.5555555555555556,0.5555555555555556,0.5555555555555556,0.5555555555555556,0.5555555555555556,0.5555555555555556,0.5555555555555556,0.5555555555555556,0.5555555555555556,0.5555555555555556,0.625,0.5555555555555556,0.5555555555555556,0.5555555555555556,0.5555555555555556,0.5555555555555556,0.5555555555555556,0.5555555555555556,0.5555555555555556,0.5555555555555556,0.5555555555555556,0.5555555555555556,0.5555555555555556,0.5555555555555556,0.5555555555555556
157,8.002080540940644e-05,0.75,0.75,0.625,0.625,0.625,0.625,0.625,0.625,0.625,0.625,0.625,0.5,0.5,0.5,0.75,0.75,0.625,0.625,0.625,0.625,0.625,0.625,0.625,0.625,0.625,0.5,0.5,0.5
158,8.002000500125032e-05,0.875,0.875,0.875,0.875,0.75,0.75,0.75,0.75,0.75,0.75,0.75,0.625,0.625,0.625,0.875,0.875,0.875,0.875,0.75,0.75,0.75,0.75,0.75,0.75,0.75,0.625,0.625,0.625
159,9.001620291652497e-05,0.7777777777777778,0.6666666666666666,0.6666666666666666,0.6666666666666666,0.6666666666666666,0.6666666666666666,0.6666666666666666,0.6666666666666666,0.6666666666666666,0.6666666666666666,0.6666666666666666,0.6666666666666666,0.6666666666666666,0.6666666666666666,0.7777777777777778,0.6666666666666666,0.6666666666666666,0.6666666666666666,0.6666666666666666,0.6666666666666666,0.6666666666666666,0.6666666666666666,0.6666666666666666,0.6666666666666666,0.6666666666666666,0.6666666666666666,0.6666666666666666,0.6666666666666666
160,8.001440259246664e-05,0.5,0.5,0.5,0.5,0.5,0.5,0.5,0.5,0.5,0.5,0.5,0.5,0.5,0.5,0.5,0.5,0.5,0.5,0.5,0.5,0.5,0.5,0.5,0.5,0.5,0.5,0.5,0.5
161,8.001440259246664e-05,0.5,0.5,0.5,0.5,0.5,0.375,0.375,0.375,0.375,0.375,0.375,0.375,0.375,0.375,0.5,0.5,0.5,0.5,0.5,0.375,0.375,0.375,0.375,0.375,0.375,0.375,0.375,0.375
162,7.001330252748022e-05,0.5714285714285714,0.5714285714285714,0.5714285714285714,0.5714285714285714,0.42857142857142855,0.42857142857142855,0.42857142857142855,0.42857142857142855,0.42857142857142855,0.42857142857142855,0.42857142857142855,0.42857142857142855,0.42857142857142855,0.42857142857142855,0.5714285714285714,0.5714285714285714,0.5714285714285714,0.5714285714285714,0.42857142857142855,0.42857142857142855,0.42857142857142855,0.42857142857142855,0.42857142857142855,0.42857142857142855,0.42857142857142855,0.42857142857142855,0.42857142857142855,0.42857142857142855
163,8.001360231239311e-05,0.75,0.75,0.75,0.75,0.75,0.75,0.75,0.75,0.625,0.625,0.625,0.625,0.625,0.625,0.75,0.75,0.75,0.75,0.75,0.75,0.75,0.75,0.625,0.625,0.625,0.625,0.625,0.625
164,9.001530260144225e-05,0.7777777777777778,0.7777777777777778,0.7777777777777778,0.7777777777777778,0.7777777777777778,0.7777777777777778,0.7777777777777778,0.7777777777777778,0.7777777777777778,0.7777777777777778,0.7777777777777778,0.7777777777777778,0.7777777777777778,0.7777777777777778,0.7777777777777778,0.7777777777777778,0.7777777777777778,0.7777777777777778,0.7777777777777778,0.7777777777777778,0.7777777777777778,0.7777777777777778,0.7777777777777778,0.7777777777777778,0.7777777777777778,0.7777777777777778,0.7777777777777778,0.7777777777777778
165,0.00010001600256040966,0.8,0.7,0.7,0.7,0.7,0.7,0.7,0.7,0.7,0.7,0.6,0.6,0.6,0.6,0.8,0.7,0.7,0.7,0.7,0.7,0.7,0.7,0.7,0.7,0.6,0.6,0.6,0.6
166,8.001440259246664e-05,0.75,0.75,0.625,0.625,0.625,0.625,0.625,0.625,0.625,0.625,0.625,0.5,0.5,0.5,0.75,0.75,0.625,0.625,0.625,0.625,0.625,0.625,0.625,0.625,0.625,0.5,0.5,0.5
167,9.0012601764247e-05,0.8888888888888888,0.8888888888888888,0.8888888888888888,0.7777777777777778,0.7777777777777778,0.7777777777777778,0.7777777777777778,0.7777777777777778,0.6666666666666666,0.6666666666666666,0.6666666666666666,0.6666666666666666,0.6666666666666666,0.6666666666666666,0.8888888888888888,0.8888888888888888,0.8888888888888888,0.7777777777777778,0.7777777777777778,0.7777777777777778,0.7777777777777778,0.7777777777777778,0.6666666666666666,0.6666666666666666,0.6666666666666666,0.6666666666666666,0.6666666666666666,0.6666666666666666
168,9.0012601764247e-05,0.6666666666666666,0.6666666666666666,0.6666666666666666,0.6666666666666666,0.6666666666666666,0.6666666666666666,0.6666666666666666,0.6666666666666666,0.6666666666666666,0.6666666666666666,0.6666666666666666,0.6666666666666666,0.6666666666666666,0.6666666666666666,0.6666666666666666,0.6666666666666666,0.6666666666666666,0.6666666666666666,0.6666666666666666,0.6666666666666666,0.6666666666666666,0.6666666666666666,0.6666666666666666,0.6666666666666666,0.6666666666666666,0.6666666666666666,0.6666666666666666,0.6666666666666666
169,9.001170152119776e-05,0.5555555555555556,0.5555555555555556,0.5555555555555556,0.5555555555555556,0.5555555555555556,0.5555555555555556,0.5555555555555556,0.5555555555555556,0.5555555555555556,0.5555555555555556,0.5555555555555556,0.5555555555555556,0.5555555555555556,0.5555555555555556,0.5555555555555556,0.5555555555555556,0.5555555555555556,0.5555555555555556,0.5555555555555556,0.5555555555555556,0.5555555555555556,0.5555555555555556,0.5555555555555556,0.5555555555555556,0.5555555555555556,0.5555555555555556,0.5555555555555556,0.5555555555555556
170,8.001040135217578e-05,0.5,0.5,0.5,0.5,0.5,0.5,0.5,0.5,0.5,0.5,0.5,0.5,0.5,0.375,0.5,0.5,0.5,0.5,0.5,0.5,0.5,0.5,0.5,0.5,0.5,0.5,0.5,0.375
171,9.001170152119776e-05,0.4444444444444444,0.4444444444444444,0.4444444444444444,0.4444444444444444,0.4444444444444444,0.4444444444444444,0.4444444444444444,0.4444444444444444,0.4444444444444444,0.4444444444444444,0.4444444444444444,0.3333333333333333,0.3333333333333333,0.3333333333333333,0.4444444444444444,0.4444444444444444,0.4444444444444444,0.4444444444444444,0.4444444444444444,0.4444444444444444,0.4444444444444444,0.4444444444444444,0.4444444444444444,0.4444444444444444,0.4444444444444444,0.3333333333333333,0.3333333333333333,0.3333333333333333
172,9.0012601764247e-05,0.5555555555555556,0.5555555555555556,0.5555555555555556,0.5555555555555556,0.5555555555555556,0.4444444444444444,0.4444444444444444,0.4444444444444444,0.4444444444444444,0.4444444444444444,0.4444444444444444,0.4444444444444444,0.4444444444444444,0.4444444444444444,0.5555555555555556,0.5555555555555556,0.5555555555555556,0.5555555555555556,0.5555555555555556,0.4444444444444444,0.4444444444444444,0.4444444444444444,0.4444444444444444,0.4444444444444444,0.4444444444444444,0.4444444444444444,0.4444444444444444,0.4444444444444444
173,8.001120156821956e-05,0.625,0.625,0.5,0.5,0.5,0.5,0.5,0.5,0.5,0.5,0.5,0.5,0.5,0.5,0.625,0.625,0.5,0.5,0.5,0.5,0.5,0.5,0.5,0.5,0.5,0.5,0.5,0.5
174,7.001050157523629e-05,0.42857142857142855,0.42857142857142855,0.42857142857142855,0.42857142857142855,0.42857142857142855,0.42857142857142855,0.42857142857142855,0.42857142857142855,0.42857142857142855,0.42857142857142855,0.42857142857142855,0.42857142857142855,0.42857142857142855,0.42857142857142855,0.42857142857142855,0.42857142857142855,0.42857142857142855,0.42857142857142855,0.42857142857142855,0.42857142857142855,0.42857142857142855,0.42857142857142855,0.42857142857142855,0.42857142857142855,0.42857142857142855,0.42857142857142855,0.42857142857142855,0.42857142857142855
175,7.001050157523629e-05,0.5714285714285714,0.5714285714285714,0.5714285714285714,0.5714285714285714,0.5714285714285714,0.5714285714285714,0.5714285714285714,0.5714285714285714,0.5714285714285714,0.5714285714285714,0.42857142857142855,0.42857142857142855,0.42857142857142855,0.42857142857142855,0.5714285714285714,0.5714285714285714,0.5714285714285714,0.5714285714285714,0.5714285714285714,0.5714285714285714,0.5714285714285714,0.5714285714285714,0.5714285714285714,0.5714285714285714,0.42857142857142855,0.42857142857142855,0.42857142857142855,0.42857142857142855
176,8.001120156821956e-05,0.75,0.75,0.75,0.75,0.75,0.75,0.75,0.75,0.75,0.75,0.75,0.75,0.75,0.75,0.75,0.75,0.75,0.75,0.75,0.75,0.75,0.75,0.75,0.75,0.75,0.75,0.75,0.75
177,8.001120156821956e-05,0.75,0.75,0.75,0.75,0.75,0.75,0.75,0.75,0.75,0.75,0.75,0.75,0.75,0.75,0.75,0.75,0.75,0.75,0.75,0.75,0.75,0.75,0.75,0.75,0.75,0.75,0.75,0.75
178,8.001200180027004e-05,0.75,0.625,0.625,0.625,0.625,0.625,0.625,0.625,0.625,0.625,0.5,0.5,0.5,0.5,0.75,0.625,0.625,0.625,0.625,0.625,0.625,0.625,0.625,0.625,0.5,0.5,0.5,0.5
179,6.0010201734294833e-05,0.6666666666666666,0.6666666666666666,0.6666666666666666,0.6666666666666666,0.6666666666666666,0.6666666666666666,0.6666666666666666,0.6666666666666666,0.6666666666666666,0.6666666666666666,0.6666666666666666,0.6666666666666666,0.6666666666666666,0.6666666666666666,0.6666666666666666,0.6666666666666666,0.6666666666666666,0.6666666666666666,0.6666666666666666,0.6666666666666666,0.6666666666666666,0.6666666666666666,0.6666666666666666,0.6666666666666666,0.6666666666666666,0.6666666666666666,0.6666666666666666,0.6666666666666666
180,5.000750112516878e-05,0.4,0.4,0.4,0.4,0.4,0.4,0.4,0.4,0.4,0.4,0.4,0.4,0.4,0.4,0.4,0.4,0.4,0.4,0.4,0.4,0.4,0.4,0.4,0.4,0.4,0.4,0.4,0.4
181,6.000840117616466e-05,0.6666666666666666,0.6666666666666666,0.6666666666666666,0.6666666666666666,0.6666666666666666,0.6666666666666666,0.6666666666666666,0.6666666666666666,0.6666666666666666,0.6666666666666666,0.6666666666666666,0.6666666666666666,0.6666666666666666,0.6666666666666666,0.6666666666666666,0.6666666666666666,0.6666666666666666,0.6666666666666666,0.6666666666666666,0.6666666666666666,0.6666666666666666,0.6666666666666666,0.6666666666666666,0.6666666666666666,0.6666666666666666,0.6666666666666666,0.6666666666666666,0.6666666666666666
182,6.000660072607987e-05,0.8333333333333334,0.8333333333333334,0.8333333333333334,0.8333333333333334,0.8333333333333334,0.8333333333333334,0.8333333333333334,0.8333333333333334,0.8333333333333334,0.8333333333333334,0.8333333333333334,0.8333333333333334,0.8333333333333334,0.8333333333333334,0.8333333333333334,0.8333333333333334,0.8333333333333334,0.8333333333333334,0.8333333333333334,0.8333333333333334,0.8333333333333334,0.8333333333333334,0.8333333333333334,0.8333333333333334,0.8333333333333334,0.8333333333333334,0.8333333333333334,0.8333333333333334
183,7.000770084709318e-05,0.7142857142857143,0.7142857142857143,0.7142857142857143,0.7142857142857143,0.7142857142857143,0.7142857142857143,0.7142857142857143,0.7142857142857143,0.7142857142857143,0.7142857142857143,0.7142857142857143,0.7142857142857143,0.7142857142857143,0.7142857142857143,0.7142857142857143,0.7142857142857143,0.7142857142857143,0.7142857142857143,0.7142857142857143,0.7142857142857143,0.7142857142857143,0.7142857142857143,0.7142857142857143,0.7142857142857143,0.7142857142857143,0.7142857142857143,0.7142857142857143,0.7142857142857143
184,5.000700098013722e-05,0.6,0.6,0.6,0.6,0.6,0.6,0.6,0.6,0.6,0.6,0.6,0.6,0.6,0.6,0.6,0.6,0.6,0.6,0.6,0.6,0.6,0.6,0.6,0.6,0.6,0.6,0.6,0.6
185,5.000750112516878e-05,0.8,0.8,0.8,0.8,0.8,0.8,0.8,0.8,0.8,0.8,0.8,0.8,0.8,0.8,0.8,0.8,0.8,0.8,0.8,0.8,0.8,0.8,0.8,0.8,0.8,0.8,0.8,0.8
186,5.000750112516878e-05,0.6,0.6,0.6,0.6,0.6,0.6,0.6,0.6,0.6,0.6,0.6,0.6,0.6,0.6,0.6,0.6,0.6,0.6,0.6,0.6,0.6,0.6,0.6,0.6,0.6,0.6,0.6,0.6
187,4.0006801156196556e-05,0.5,0.5,0.5,0.5,0.5,0.5,0.5,0.5,0.5,0.5,0.5,0.5,0.5,0.5,0.5,0.5,0.5,0.5,0.5,0.5,0.5,0.5,0.5,0.5,0.5,0.5,0.5,0.5
188,4.0006801156196556e-05,0.5,0.5,0.5,0.5,0.5,0.5,0.5,0.5,0.5,0.5,0.5,0.5,0.5,0.5,0.5,0.5,0.5,0.5,0.5,0.5,0.5,0.5,0.5,0.5,0.5,0.5,0.5,0.5
189,3.0004800768122898e-05,0.3333333333333333,0.3333333333333333,0.3333333333333333,0.3333333333333333,0.3333333333333333,0.3333333333333333,0.3333333333333333,0.3333333333333333,0.3333333333333333,0.3333333333333333,0.3333333333333333,0.3333333333333333,0.3333333333333333,0.3333333333333333,0.3333333333333333,0.3333333333333333,0.3333333333333333,0.3333333333333333,0.3333333333333333,0.3333333333333333,0.3333333333333333,0.3333333333333333,0.3333333333333333,0.3333333333333333,0.3333333333333333,0.3333333333333333,0.3333333333333333,0.3333333333333333
190,3.0004800768122898e-05,1.0,1.0,1.0,1.0,1.0,1.0,1.0,1.0,1.0,1.0,1.0,1.0,1.0,1.0,1.0,1.0,1.0,1.0,1.0,1.0,1.0,1.0,1.0,1.0,1.0,1.0,1.0,1.0
191,3.000420058808233e-05,1.0,1.0,1.0,1.0,1.0,1.0,1.0,1.0,1.0,1.0,1.0,1.0,1.0,1.0,1.0,1.0,1.0,1.0,1.0,1.0,1.0,1.0,1.0,1.0,1.0,1.0,1.0,1.0
192,3.000390050706592e-05,1.0,1.0,1.0,1.0,1.0,1.0,1.0,1.0,1.0,1.0,1.0,1.0,1.0,1.0,1.0,1.0,1.0,1.0,1.0,1.0,1.0,1.0,1.0,1.0,1.0,1.0,1.0,1.0
193,2.0002600338043945e-05,1.0,1.0,1.0,1.0,1.0,1.0,1.0,1.0,1.0,1.0,1.0,1.0,1.0,1.0,1.0,1.0,1.0,1.0,1.0,1.0,1.0,1.0,1.0,1.0,1.0,1.0,1.0,1.0
194,1.0001300169021972e-05,1.0,1.0,1.0,1.0,1.0,1.0,1.0,1.0,1.0,1.0,1.0,1.0,1.0,1.0,1.0,1.0,1.0,1.0,1.0,1.0,1.0,1.0,1.0,1.0,1.0,1.0,1.0,1.0
195,0.0,0.0,0.0,0.0,0.0,0.0,0.0,0.0,0.0,0.0,0.0,0.0,0.0,0.0,0.0,0.0,0.0,0.0,0.0,0.0,0.0,0.0,0.0,0.0,0.0,0.0,0.0,0.0,0.0
